아동ID,설명_한번에 하나씩 말해주세요,설명_그림이나 사진이 있으면 좋아요,설명_짧고 쉬운 문장으로 말해주세요,설명_반복 설명이 필요해요,설명_선택지로 물어보면 잘 대답해요,설명_먼저 보여주고 설명하면 잘 이해해요,의사소통_문장으로 대답해요,의사소통_단어로 대답해요,의사소통_고개 끄덕임이나 손짓으로 대답해요,의사소통_그림/사진 카드가 필요해요,의사소통_네/아니오로 대답해요,의사소통_불편함을 말로 표현하기 어려워요,외출주의_차도/차량 위험 인지를 어려워해요,외출주의_신호등/횡단보도 규칙을 어려워해요,외출주의_낯선 사람을 쉽게 따라갈 수 있어요,외출주의_동행인과 떨어지면 위험을 잘 인지하지 못해요,외출주의_갑자기 뛰어갈 수 있어요,외출주의_위험한 물건을 만질 수 있어요,환경_큰 소리,환경_사람 많은 곳,환경_밝은 빛,환경_냄새,환경_신체 접촉,환경_갑작스러운 움직임,환경_대기,장소_지하철,장소_새로운 장소,장소_병원,장소_식당,장소_버스,장소_마트,장소_놀이공원,장소_영화관/공연장,일정변화_이동 수단 타기,일정변화_기다리기,일정변화_하던 활동 멈추기,일정변화_장소 이동하기,일정변화_집에 돌아가기,일정변화_화장실 가기,일정변화_예정과 다른 일이 생기기,미리알림_바로 직전,미리알림_5분 전,미리알림_10분 전,미리알림_30분 전,미리알림_1시간 전,미리알림_3시간 전,미리알림_전 날,출력_짧고쉬운설명필요,출력_반복설명필요,출력_시각자료필요,출력_선택지질문필요,출력_비언어의사소통지원필요,출력_불편함확인필요,출력_외출안전주의필요,출력_감각자극주의필요,출력_대기지원필요,출력_장소이동사전안내필요,출력_일정변경사전안내필요
C0001,1,1,1,0,1,1,1,0,0,1,0,0,1,0,0,1,1,0,0,1,1,0,0,0,0,1,0,0,0,0,0,0,0,0,1,0,0,1,0,1,1,0,0,0,0,0,0,1,0,1,1,1,0,1,1,1,1,1
C0002,0,1,0,0,0,0,0,0,0,0,0,0,1,1,1,1,0,0,1,0,1,0,0,1,1,0,0,0,0,0,1,0,0,1,1,1,0,0,0,1,0,1,0,0,0,0,0,0,0,1,0,0,0,1,1,1,1,1
C0003,0,0,0,1,0,0,0,0,0,0,1,0,0,0,0,0,0,0,1,0,0,1,1,1,0,0,0,1,1,0,0,1,0,1,0,0,1,0,0,0,0,0,0,1,0,0,0,0,1,0,1,0,0,0,1,0,1,0
C0004,1,1,1,1,1,1,0,0,0,1,0,0,0,0,1,0,0,0,1,0,0,0,0,0,1,1,1,1,0,0,0,0,1,1,1,0,1,1,0,1,0,0,1,0,0,0,0,1,1,1,1,1,0,1,1,1,1,1
C0005,0,0,0,0,1,0,1,0,1,0,0,0,0,0,0,0,0,0,0,1,0,0,0,0,0,1,1,0,0,1,0,1,0,0,0,1,1,0,1,1,0,0,0,0,1,0,0,0,0,0,1,1,0,0,1,0,1,1
C0006,1,0,1,1,0,1,1,0,0,1,1,0,0,0,0,0,0,0,0,1,0,0,1,0,1,0,0,1,1,1,0,1,0,0,1,0,0,0,0,0,1,0,0,0,0,0,0,1,1,1,1,1,0,0,1,1,0,0
C0007,1,1,1,1,0,0,0,0,0,1,1,1,0,0,0,0,0,0,1,0,0,0,0,0,0,0,0,0,0,1,0,1,0,0,0,0,1,0,1,0,0,0,0,0,0,1,0,1,1,1,1,1,1,0,1,0,1,0
C0008,1,0,0,0,0,0,1,0,0,0,1,0,1,0,1,1,1,0,0,0,0,0,0,0,0,1,0,0,0,0,0,0,1,0,1,1,0,0,1,1,0,0,0,1,0,0,0,1,0,0,1,0,0,1,0,1,1,1
C0009,1,1,1,1,1,1,0,0,1,1,1,1,0,0,0,1,0,0,0,0,0,0,0,0,1,0,0,0,1,0,0,0,0,0,1,0,1,0,0,1,0,1,0,0,0,0,0,1,1,1,1,1,1,1,0,1,1,1
C0010,0,0,0,1,0,0,0,0,0,0,0,0,0,1,1,1,0,0,1,1,1,1,1,1,1,1,1,1,0,0,1,1,0,1,1,0,0,0,0,0,0,0,0,1,0,0,0,0,1,0,0,0,0,1,1,1,1,0
C0011,0,1,1,1,1,1,1,0,0,1,1,0,0,0,1,0,0,1,0,1,0,1,0,0,0,0,0,0,0,1,1,1,0,0,0,0,0,0,0,0,1,0,0,0,0,0,0,1,1,1,1,1,0,1,1,0,0,0
C0012,0,1,1,0,1,0,0,1,1,1,0,0,0,0,1,0,0,1,0,0,0,0,0,0,0,0,1,0,0,0,0,1,0,0,0,0,1,0,0,1,0,0,0,0,0,1,0,1,0,1,1,1,0,1,0,0,1,1
C0013,1,0,0,0,0,0,1,0,0,0,0,0,0,0,0,1,0,1,0,1,0,0,0,1,0,1,0,0,1,0,0,1,0,0,0,0,0,0,1,0,1,0,0,0,0,0,0,1,0,0,0,0,0,1,1,0,1,0
C0014,0,0,1,0,1,0,1,1,1,0,0,0,1,0,1,0,0,1,0,1,1,0,0,0,0,1,0,1,1,0,1,0,1,0,0,0,0,0,0,0,0,0,0,1,0,0,0,1,0,0,1,1,0,1,1,0,0,0
C0015,0,1,1,0,1,1,1,0,0,1,0,0,0,0,0,0,0,0,0,0,0,0,0,0,1,0,0,0,0,0,0,0,0,0,1,0,1,1,0,0,1,0,0,0,0,0,0,1,0,1,1,1,0,0,0,1,1,0
C0016,1,1,0,1,0,0,1,0,0,0,1,0,0,0,0,0,0,0,0,0,0,0,0,0,0,0,0,0,0,0,0,0,0,0,0,0,0,0,0,0,0,0,1,0,0,0,0,1,1,1,1,0,0,0,0,0,0,0
C0017,1,0,0,1,1,0,1,0,0,0,0,0,1,1,1,0,1,0,0,1,0,0,0,1,0,1,0,0,0,1,1,1,0,1,0,0,0,0,0,0,1,0,0,0,0,0,0,1,1,0,1,0,0,1,1,0,1,0
C0018,0,0,0,1,0,1,0,0,0,1,0,0,0,0,0,0,0,0,0,0,0,0,0,0,0,0,0,0,1,1,0,0,0,0,0,1,0,0,0,0,0,0,0,0,0,1,0,0,1,1,0,1,0,0,0,0,1,0
C0019,0,1,1,0,0,0,0,1,1,1,1,1,0,0,0,0,0,0,1,1,1,1,0,1,1,1,0,0,0,0,1,0,0,1,1,0,0,1,0,0,0,0,0,0,1,0,0,1,0,1,1,1,1,0,1,1,1,0
C0020,0,0,0,1,0,0,1,0,0,0,1,0,0,0,0,0,0,0,0,0,0,0,0,0,0,0,1,0,0,0,0,0,0,0,0,0,0,1,0,0,0,0,1,0,0,0,0,0,1,0,1,0,0,0,0,0,1,0
C0021,0,0,0,0,1,0,0,0,0,0,0,0,0,1,0,0,0,0,0,0,1,0,1,1,1,0,1,0,1,1,0,0,0,1,0,1,0,1,0,1,0,0,1,0,0,0,0,0,0,0,1,0,0,1,1,1,1,1
C0022,0,1,0,1,0,0,1,0,0,0,0,1,0,0,0,0,0,0,1,1,0,0,0,0,1,0,1,0,0,0,0,1,0,0,1,0,0,0,0,0,0,1,0,0,0,0,0,0,1,1,0,0,1,0,1,1,1,0
C0023,0,1,0,0,0,0,0,0,0,0,1,0,0,0,0,0,0,0,0,0,0,0,1,0,0,0,1,0,1,0,1,1,0,0,1,0,1,1,1,1,0,0,0,0,1,0,0,0,0,1,1,0,0,0,1,1,1,1
C0024,0,0,1,1,0,0,0,0,0,0,0,0,0,0,1,0,0,0,0,0,0,0,1,0,0,0,1,0,1,0,0,0,0,1,0,0,1,1,1,1,0,0,0,0,1,0,0,1,1,0,0,0,0,1,1,0,1,1
C0025,1,1,0,0,0,0,1,0,0,1,0,0,0,0,0,1,0,0,0,0,0,0,0,1,0,1,1,0,0,0,0,0,0,1,1,1,0,0,0,0,0,1,0,0,0,0,0,1,0,1,0,1,0,1,1,1,1,0
C0026,0,1,0,1,0,0,1,0,0,0,1,0,0,0,0,0,0,0,1,0,0,0,0,0,0,0,0,0,0,1,0,1,1,1,1,1,1,1,0,1,0,0,0,0,0,1,0,0,1,1,1,0,0,0,1,1,1,1
C0027,0,0,0,0,0,1,1,1,0,0,0,0,0,0,0,0,0,0,0,0,0,0,0,0,0,1,1,0,0,0,0,0,0,1,0,0,0,0,0,0,0,0,1,0,0,0,0,0,0,1,0,0,0,0,0,0,1,0
C0028,0,1,0,0,0,1,1,1,0,0,0,0,0,1,0,1,0,0,0,1,0,0,0,0,0,0,0,0,1,1,1,0,0,1,0,0,0,0,0,0,0,1,0,0,0,0,0,0,0,1,0,0,0,1,1,0,1,0
C0029,0,0,0,0,1,1,0,0,0,1,0,0,0,0,0,0,0,0,0,0,0,0,1,1,0,0,0,0,1,0,0,0,0,1,0,0,0,1,0,1,1,0,0,0,0,0,0,0,0,1,1,1,0,0,1,0,1,1
C0030,1,1,1,1,0,1,1,0,0,1,0,0,0,0,0,0,0,0,1,0,1,0,0,0,1,1,0,0,0,0,1,0,1,0,0,0,0,0,1,0,0,0,0,1,0,0,0,1,1,1,0,1,0,0,1,1,1,0
C0031,0,0,1,1,1,1,0,0,0,0,1,0,0,0,0,0,0,0,0,0,0,0,0,0,1,0,0,0,0,0,1,0,0,0,1,1,0,0,0,0,0,0,1,0,0,0,0,1,1,1,1,0,0,0,0,1,1,0
C0032,0,1,1,1,0,0,0,1,0,0,1,1,0,0,0,0,0,0,0,0,0,0,0,0,0,0,1,0,0,1,0,0,0,1,0,1,0,0,1,0,0,0,0,1,0,0,0,1,1,1,1,0,1,0,0,0,1,0
C0033,1,0,0,0,0,0,0,0,0,1,1,1,0,1,0,0,0,0,0,1,0,0,0,0,0,0,1,0,0,1,0,1,0,0,0,1,0,0,0,1,0,0,1,0,0,0,0,1,0,1,1,1,1,1,1,0,1,1
C0034,0,1,1,1,1,1,0,1,1,0,1,0,0,0,0,0,0,1,1,0,0,0,0,1,0,1,0,1,0,0,0,0,1,1,1,0,0,0,0,0,0,0,1,0,0,0,0,1,1,1,1,1,0,1,1,1,1,0
C0035,0,0,0,1,0,0,0,0,0,0,0,0,1,0,1,1,1,1,1,0,0,0,1,1,1,1,0,0,0,0,0,1,0,0,0,0,0,0,1,0,1,0,0,0,0,0,0,0,1,0,0,0,0,1,1,1,1,0
C0036,0,0,0,0,0,0,0,1,1,1,1,1,0,0,0,0,0,0,0,0,0,0,0,0,0,0,0,0,0,0,0,0,0,0,1,1,0,0,0,1,0,0,0,0,1,0,0,0,0,1,1,1,1,0,0,1,1,1
C0037,1,0,1,1,0,1,0,0,0,0,0,0,1,0,0,0,0,0,0,1,0,0,0,0,0,0,0,0,1,1,0,1,0,1,0,1,0,1,0,0,0,0,0,0,1,0,0,1,1,1,0,0,0,1,1,0,1,0
C0038,0,1,1,1,0,1,1,0,0,1,0,0,0,0,0,0,0,0,0,1,0,0,1,0,1,1,0,0,0,0,0,1,0,1,0,0,1,0,0,0,0,0,0,0,1,0,0,1,1,1,0,1,0,0,1,1,1,0
C0039,0,0,0,0,0,1,0,1,0,1,0,0,1,0,0,1,1,1,0,0,0,0,0,0,0,0,0,0,0,0,0,1,0,0,0,0,0,0,0,0,0,0,0,0,1,0,0,0,0,1,0,1,0,1,0,0,0,0
C0040,1,0,1,0,0,0,1,0,1,0,1,1,0,0,0,0,0,0,0,0,0,0,0,0,1,0,0,1,0,1,0,0,0,1,1,1,1,1,0,1,0,0,0,1,0,0,0,1,0,0,1,1,1,0,0,1,1,1
C0041,0,0,0,0,0,1,1,1,0,0,1,0,1,0,0,0,0,0,1,0,1,0,0,1,0,0,0,0,0,0,0,1,0,0,1,1,0,0,0,0,0,0,0,1,0,0,0,0,0,1,1,0,0,1,1,1,1,0
C0042,1,0,0,1,1,1,1,0,0,1,0,1,0,0,0,1,0,0,0,0,0,0,0,0,0,0,0,0,0,1,0,0,0,0,0,1,0,0,0,0,0,0,0,1,0,0,0,1,1,1,1,1,1,1,0,0,1,0
C0043,1,0,0,1,0,1,1,0,0,0,0,0,1,0,0,0,0,0,0,1,0,0,0,0,0,1,0,1,0,0,1,0,0,1,1,0,0,0,0,0,0,1,0,0,0,0,0,1,1,1,0,0,0,1,1,1,1,0
C0044,0,0,1,1,0,1,1,0,0,1,0,0,0,0,0,0,0,0,1,0,0,0,0,1,0,1,0,1,0,0,0,1,1,0,0,0,0,0,0,0,0,0,1,0,0,0,0,1,1,1,0,1,0,0,1,0,0,0
C0045,1,1,1,1,0,0,0,1,0,0,0,0,1,1,0,0,0,0,0,0,0,0,0,0,0,0,0,0,0,0,1,0,0,1,1,0,0,0,0,0,0,0,0,1,0,0,0,1,1,1,0,0,0,1,0,1,1,0
C0046,1,1,0,0,1,1,0,1,0,0,0,0,1,1,1,1,0,1,0,0,0,0,0,0,0,0,1,0,0,0,0,0,0,0,1,0,0,0,0,0,0,1,0,0,0,0,0,1,0,1,1,0,0,1,0,1,1,0
C0047,1,0,0,0,1,1,1,1,1,1,1,1,0,0,0,1,0,1,0,0,0,0,0,1,0,0,0,0,0,0,0,1,0,1,1,0,0,1,0,0,0,0,1,0,0,0,0,1,0,1,1,1,1,1,1,1,1,0
C0048,0,1,0,0,0,0,1,1,0,1,1,0,0,1,0,1,0,1,0,0,0,0,0,0,0,0,1,0,0,0,0,0,0,0,0,1,1,0,1,0,0,0,0,0,1,0,0,0,0,1,1,1,0,1,0,0,1,0
C0049,0,1,0,0,0,1,0,1,0,0,0,0,1,0,0,0,0,0,1,1,1,0,0,0,1,1,0,0,0,1,1,1,1,1,0,1,0,0,1,0,1,0,0,0,0,0,0,0,0,1,0,0,0,1,1,1,1,0
C0050,1,0,0,0,1,0,1,1,0,0,0,0,0,0,0,0,1,0,1,1,1,0,1,0,0,1,1,0,1,1,0,1,0,1,0,0,0,0,0,0,0,0,0,0,1,0,0,1,0,0,1,0,0,1,1,0,1,0
C0051,0,0,0,0,1,1,0,1,0,0,0,0,0,0,0,0,0,1,1,1,1,0,0,1,1,0,1,0,0,1,1,0,1,1,1,1,1,0,0,1,0,1,0,0,0,0,0,0,0,1,1,0,0,1,1,1,1,1
C0052,1,0,1,0,0,0,0,0,0,0,0,0,0,0,0,0,0,0,0,1,0,0,0,1,0,1,1,0,0,1,1,0,0,0,1,0,0,0,0,0,0,0,1,0,0,0,0,1,0,0,0,0,0,0,1,1,1,0
C0053,0,1,0,0,0,0,1,0,0,0,0,0,0,1,0,0,0,0,0,0,1,0,0,0,0,0,0,0,0,0,0,0,0,1,1,0,0,0,0,0,1,0,0,0,0,0,0,0,0,1,0,0,0,1,1,1,1,0
C0054,0,1,0,0,0,1,1,0,0,1,0,0,1,1,1,1,0,1,0,0,0,0,0,1,0,0,1,0,0,1,0,0,0,0,0,1,1,0,0,0,0,0,0,0,1,0,0,0,0,1,0,1,0,1,1,0,1,0
C0055,1,0,0,1,1,0,1,0,0,0,0,0,0,0,0,0,0,0,1,1,0,0,0,1,1,0,1,0,0,0,1,0,0,1,0,0,0,0,1,1,0,0,1,0,0,0,0,1,1,0,1,0,0,0,1,1,1,1
C0056,1,1,1,1,0,1,1,1,0,1,0,0,0,0,1,0,0,0,1,1,0,0,0,0,0,0,1,0,0,1,0,1,0,0,0,1,0,0,0,0,1,0,0,0,0,0,0,1,1,1,0,1,0,1,1,0,1,0
C0057,0,1,0,0,1,1,0,0,1,1,1,0,0,0,0,0,0,0,0,0,0,0,0,0,0,0,1,0,0,0,0,0,0,0,1,1,1,0,0,1,1,0,0,0,0,0,0,0,0,1,1,1,0,0,0,1,1,1
C0058,0,0,0,0,1,1,0,1,1,0,0,0,1,0,0,0,1,0,0,0,1,0,0,1,0,0,0,0,0,0,1,1,1,0,1,0,0,0,0,0,0,1,0,0,0,0,0,0,0,1,1,1,0,1,1,1,0,0
C0059,0,0,1,0,0,0,1,0,0,0,0,1,1,0,0,0,1,0,1,1,1,1,0,0,1,0,1,1,0,0,1,1,0,1,1,0,0,1,0,1,0,0,0,0,1,0,0,1,0,0,0,0,1,1,1,1,1,1
C0060,0,1,0,0,1,1,0,1,0,0,1,1,0,0,0,0,0,0,1,1,1,1,1,0,1,1,1,1,0,1,0,0,0,0,0,1,1,0,0,1,0,0,0,1,0,0,0,0,0,1,1,0,1,0,1,1,1,1
C0061,1,0,0,0,1,1,0,0,0,1,0,1,0,0,0,0,0,0,0,0,0,0,1,0,0,0,1,0,0,0,0,0,0,1,0,1,1,1,0,1,0,0,1,0,0,0,0,1,0,1,1,1,1,0,1,0,1,1
C0062,0,0,0,0,0,0,1,1,0,0,1,0,0,0,0,1,0,0,0,0,1,0,1,1,0,1,0,0,0,0,0,0,1,0,0,0,0,0,0,0,0,0,1,0,0,0,0,0,0,0,1,0,0,1,1,0,0,0
C0063,0,0,1,1,1,0,1,1,1,0,0,0,0,0,0,1,0,0,0,0,1,1,0,1,1,0,1,1,1,0,0,0,1,0,1,0,1,0,1,0,1,0,0,0,0,0,0,1,1,0,1,1,0,1,1,1,1,0
C0064,1,1,1,1,0,1,0,1,1,0,0,1,1,0,0,1,0,0,0,0,0,0,0,0,0,0,0,1,0,0,0,1,0,0,1,0,0,0,0,0,0,0,0,1,0,0,0,1,1,1,0,1,1,1,0,1,0,0
C0065,1,0,0,0,0,0,0,0,1,0,1,0,0,0,0,0,0,0,0,0,0,0,0,0,1,0,0,0,0,0,0,0,0,0,1,0,1,0,0,0,0,0,0,0,1,0,0,1,0,0,1,1,0,0,0,1,1,0
C0066,0,1,1,0,1,1,0,1,0,1,1,0,0,0,1,0,0,0,1,0,1,0,1,0,1,0,0,1,0,0,1,0,0,0,0,0,0,0,1,0,1,0,0,0,0,0,0,1,0,1,1,1,0,1,1,1,1,0
C0067,0,0,0,0,0,0,0,1,1,1,0,1,0,0,1,1,0,0,0,0,0,0,0,0,0,0,0,1,0,1,0,0,1,0,0,0,1,0,0,0,0,0,0,0,0,1,0,0,0,1,0,1,1,1,0,0,1,0
C0068,0,0,1,0,0,0,1,0,0,0,1,1,0,0,0,0,0,0,1,1,0,0,0,0,1,0,0,0,0,0,1,1,1,1,0,0,0,0,1,0,0,0,0,1,0,0,0,1,0,0,1,0,1,0,1,1,1,0
C0069,1,1,0,0,0,0,0,0,1,0,0,0,0,0,0,0,0,0,0,0,0,1,0,0,0,0,0,1,0,1,0,0,0,0,1,0,0,0,0,0,1,0,0,0,0,0,0,1,0,1,0,1,0,0,1,1,0,0
C0070,0,1,0,0,1,0,0,1,1,1,1,1,0,0,0,0,0,0,1,1,1,0,1,0,1,1,0,0,1,0,0,1,0,1,1,0,0,0,1,0,1,0,0,0,0,0,0,0,0,1,1,1,1,0,1,1,1,0
C0071,0,0,1,0,0,0,1,0,1,1,1,1,0,0,0,0,0,0,0,0,0,0,1,0,1,1,1,0,0,1,0,0,0,1,1,1,1,0,0,1,0,0,0,0,1,0,0,1,0,1,1,1,1,0,1,1,1,1
C0072,1,0,1,0,0,0,1,1,1,0,0,0,0,1,0,1,0,0,1,1,1,0,0,1,0,1,0,0,1,1,0,0,0,0,1,0,1,0,1,0,0,0,1,0,0,0,0,1,0,0,0,1,0,1,1,1,1,0
C0073,0,0,1,0,1,0,1,1,1,0,0,0,0,0,0,0,0,0,0,1,0,1,1,0,1,0,1,0,1,0,1,0,0,0,1,1,1,0,1,1,0,0,0,0,1,0,0,1,0,0,1,1,0,0,1,1,1,1
C0074,1,1,1,1,0,1,1,1,0,0,0,0,0,0,0,0,1,0,0,0,0,0,0,0,1,0,0,0,0,0,0,0,0,1,1,0,0,0,0,0,1,0,0,0,0,0,0,1,1,1,0,0,0,1,0,1,1,0
C0075,0,0,0,0,0,0,0,1,0,0,1,0,0,0,0,0,0,0,0,1,0,0,0,0,0,0,0,0,1,0,0,1,0,1,0,0,1,0,0,0,0,0,0,0,0,0,1,0,0,0,1,0,0,0,1,0,1,0
C0076,0,0,0,0,0,1,1,0,0,0,0,0,0,1,0,0,1,1,1,0,1,0,1,1,1,0,0,1,0,1,0,1,0,0,0,0,0,0,0,0,0,1,0,0,0,0,0,0,0,1,0,0,0,1,1,1,0,0
C0077,1,0,0,0,0,0,0,0,0,0,0,0,0,0,0,0,0,0,0,0,0,0,0,0,0,0,1,0,0,1,0,1,0,0,0,1,1,1,0,1,0,0,1,0,0,0,0,1,0,0,0,0,0,0,0,0,1,1
C0078,1,1,1,1,0,1,0,0,0,1,0,0,0,0,0,0,0,0,0,0,0,0,0,0,0,0,0,1,1,0,0,0,0,1,0,1,1,1,0,0,0,0,0,0,0,1,0,1,1,1,0,1,0,0,0,0,1,0
C0079,0,0,1,1,0,1,1,0,0,1,1,0,0,0,0,1,0,0,0,0,0,0,0,1,0,1,0,0,1,0,0,1,0,1,0,1,0,0,0,0,1,0,0,0,0,0,0,1,1,1,1,1,0,1,1,0,1,0
C0080,0,1,1,0,0,0,1,0,0,0,0,0,0,0,0,0,0,0,0,0,0,0,0,1,1,0,1,1,0,0,0,1,0,1,1,0,0,0,0,0,0,0,1,0,0,0,0,1,0,1,0,0,0,0,1,1,1,0
C0081,0,1,0,1,0,0,0,1,1,1,1,0,0,0,0,0,0,0,1,1,1,0,1,0,1,0,0,0,0,0,0,0,1,1,0,0,1,0,0,1,0,0,0,1,0,0,0,0,1,1,1,1,0,0,1,1,1,1
C0082,1,0,0,0,0,0,1,1,0,1,0,1,0,0,0,0,0,1,0,1,0,0,0,0,1,1,0,0,1,0,0,1,0,0,1,0,0,0,0,0,0,1,0,0,0,0,0,1,0,1,0,1,1,1,1,1,0,0
C0083,1,1,1,0,0,1,0,1,1,0,1,1,0,0,0,1,0,1,1,1,0,0,0,1,0,0,1,1,0,0,0,1,0,0,0,0,1,0,1,0,0,0,0,1,0,0,0,1,0,1,1,1,1,1,1,0,1,0
C0084,0,0,1,1,1,0,1,0,0,1,1,1,0,0,0,0,0,0,1,1,0,1,0,0,1,0,0,0,0,1,1,1,1,0,1,0,1,1,0,0,0,0,0,1,0,0,0,1,1,1,1,1,1,0,1,1,1,0
C0085,1,1,0,1,0,1,0,0,0,0,0,0,0,0,0,0,0,0,0,0,0,0,0,1,1,0,1,0,0,0,0,0,1,1,1,0,1,1,1,1,1,0,0,0,0,0,0,1,1,1,0,0,0,0,1,1,1,1
C0086,0,0,1,1,0,0,1,1,0,0,1,0,1,0,1,0,0,0,0,0,0,0,0,1,1,0,0,0,0,0,0,0,0,0,1,0,0,1,1,0,0,0,0,0,1,0,0,1,1,0,1,0,0,1,1,1,1,0
C0087,0,0,0,0,0,0,0,1,1,1,0,0,0,0,0,0,0,1,0,0,1,0,0,1,0,0,0,0,0,0,0,0,0,0,0,0,0,0,0,0,1,0,0,0,0,0,0,0,0,1,0,1,0,1,1,0,0,0
C0088,1,0,1,1,0,0,0,0,0,0,0,0,0,1,0,0,0,0,0,0,0,0,0,0,0,1,0,0,0,0,0,0,0,1,0,0,0,0,0,0,0,0,0,1,0,0,0,1,1,0,0,0,0,1,0,0,1,0
C0089,1,1,1,1,0,1,0,1,0,0,0,0,0,0,0,0,0,0,0,1,0,0,0,1,1,1,1,0,1,1,1,0,0,1,1,0,1,0,0,0,0,0,0,1,0,0,0,1,1,1,0,0,0,0,1,1,1,0
C0090,0,0,0,0,0,1,1,0,0,0,0,0,1,1,0,1,0,0,0,1,1,0,0,0,0,1,1,1,1,0,0,1,1,0,1,1,1,0,0,1,0,0,1,0,0,0,0,0,0,1,0,0,0,1,1,1,1,1
C0091,1,0,0,1,1,0,0,0,1,0,0,0,0,0,0,0,0,0,0,1,1,1,1,1,0,0,0,1,1,0,0,1,1,0,0,0,1,0,0,0,0,1,0,0,0,0,0,1,1,0,1,1,0,0,1,0,1,0
C0092,0,0,0,1,0,0,0,0,0,0,0,0,0,0,0,0,1,1,1,1,1,1,0,0,1,1,0,1,1,0,0,1,0,1,0,0,1,0,1,0,1,0,0,0,0,0,0,0,1,0,0,0,0,1,1,1,1,0
C0093,0,0,1,0,0,0,0,0,0,0,0,0,1,0,1,1,0,1,0,0,0,0,0,0,0,0,1,0,1,1,0,0,0,1,1,1,1,0,0,0,0,0,0,0,1,0,0,1,0,0,0,0,0,1,0,1,1,0
C0094,0,0,0,1,1,0,1,1,0,0,0,0,0,0,0,0,0,0,0,0,0,1,1,1,1,0,1,0,1,1,1,0,0,1,0,0,1,1,0,1,0,0,0,1,0,0,0,0,1,0,1,0,0,0,1,1,1,1
C0095,1,0,1,0,1,1,0,0,0,0,1,0,0,1,0,1,1,0,1,0,1,0,0,0,0,0,0,0,1,1,1,0,0,1,0,1,1,0,1,1,0,0,1,0,0,0,0,1,0,1,1,0,0,1,1,0,1,1
C0096,0,1,1,0,1,1,0,1,1,1,0,1,0,0,0,0,0,0,1,0,0,1,0,1,1,0,0,0,0,0,0,1,1,0,1,0,0,0,0,0,0,0,0,0,1,0,0,1,0,1,1,1,1,0,1,1,0,0
C0097,0,1,1,0,0,0,0,1,0,0,0,0,0,1,0,0,1,1,0,1,0,0,0,0,1,0,0,1,0,1,1,1,0,1,1,0,1,0,0,0,0,0,1,0,0,0,0,1,0,1,0,0,0,1,1,1,1,0
C0098,1,1,1,0,0,1,1,0,0,0,1,0,0,0,1,0,0,0,1,0,1,1,1,0,1,1,0,0,0,1,1,1,0,1,1,0,0,1,1,0,0,0,0,0,0,0,1,1,0,1,1,0,0,1,1,1,1,0
C0099,0,0,1,0,1,0,0,1,0,1,0,0,1,0,0,0,0,1,0,1,1,1,0,0,0,1,0,0,1,1,0,1,1,0,1,0,0,0,0,1,1,0,0,0,0,0,0,1,0,1,1,1,0,1,1,1,0,1
C0100,0,0,0,0,0,0,0,0,1,1,0,0,0,0,1,1,0,0,0,1,1,1,0,0,1,1,1,1,0,0,0,1,0,1,1,0,0,1,0,0,0,0,0,1,0,0,0,0,0,1,0,1,0,1,1,1,1,0
C0101,0,0,0,0,0,0,0,1,0,1,1,0,0,1,0,1,1,0,0,0,0,0,0,0,0,0,0,1,0,1,0,1,0,1,0,0,0,1,0,0,0,0,0,1,0,0,0,0,0,1,1,1,0,1,0,0,1,0
C0102,0,1,0,0,0,1,0,0,0,1,0,1,0,1,1,0,1,1,0,1,1,1,1,0,1,1,0,1,0,1,0,1,0,1,0,0,0,1,0,1,0,0,1,0,0,0,0,0,0,1,0,1,1,1,1,1,1,1
C0103,0,0,1,1,1,0,0,1,0,1,0,1,0,0,0,0,0,0,0,1,0,0,1,0,1,0,1,1,1,0,1,1,0,0,1,0,0,0,0,0,1,0,0,0,0,0,0,1,1,1,1,1,1,0,1,1,1,0
C0104,1,1,1,0,0,0,1,0,1,1,1,0,0,0,0,0,0,0,0,0,1,0,0,0,1,0,0,1,0,0,1,0,0,0,1,1,0,0,0,0,0,0,1,0,0,0,0,1,0,1,1,1,0,0,1,1,1,0
C0105,0,1,0,0,0,0,1,0,0,0,1,1,0,1,0,0,0,0,1,1,0,1,1,1,0,1,0,1,1,0,1,0,0,1,0,0,0,0,0,0,0,0,1,0,0,0,0,0,0,1,1,0,1,1,1,0,1,0
C0106,0,0,0,0,0,0,1,0,0,0,0,0,0,1,0,0,0,0,1,1,0,0,0,1,1,1,0,1,0,0,1,1,1,0,0,0,0,1,0,0,1,0,0,0,0,0,0,0,0,0,0,0,0,1,1,1,1,0
C0107,0,0,1,0,0,0,1,1,0,0,0,1,0,1,0,0,0,0,1,0,1,1,1,1,1,1,1,1,1,0,0,1,1,1,1,0,0,0,1,0,0,1,0,0,0,0,0,1,0,0,0,0,1,1,1,1,1,0
C0108,1,1,1,0,0,1,1,0,0,0,0,0,0,0,0,0,0,0,1,0,0,0,1,1,0,0,0,1,0,0,0,0,1,1,0,1,1,1,0,1,0,0,1,0,0,0,0,1,0,1,0,0,0,0,1,0,1,1
C0109,1,0,1,1,0,0,1,0,0,0,0,0,1,1,0,1,0,0,0,0,0,0,0,0,0,1,1,0,0,0,0,0,1,0,0,0,0,1,0,0,0,1,0,0,0,0,0,1,1,0,0,0,0,1,0,0,1,0
C0110,1,0,1,0,1,1,1,0,1,1,1,1,0,1,0,0,0,0,0,1,0,1,1,1,1,1,0,1,1,1,0,0,0,0,0,1,1,1,0,0,0,1,0,0,0,0,0,1,0,1,1,1,1,1,1,1,1,0
C0111,0,1,0,0,0,1,1,0,0,0,1,0,0,0,0,0,0,0,1,0,0,0,0,0,0,0,0,1,0,1,0,0,0,1,0,0,0,1,0,0,0,1,0,0,0,0,0,0,0,1,1,0,0,0,1,0,1,0
C0112,1,0,0,0,0,1,1,1,1,0,0,0,0,1,0,0,0,0,0,0,1,0,0,0,1,0,0,1,0,0,0,0,1,1,1,0,1,0,0,0,1,0,0,0,0,0,0,1,0,1,0,1,0,1,1,1,1,0
C0113,1,1,1,1,0,0,0,1,0,1,1,0,1,0,0,0,0,0,1,0,0,0,1,0,0,1,0,1,0,0,0,0,0,0,0,0,0,0,0,0,0,0,0,1,0,0,0,1,1,1,1,1,0,1,1,0,0,0
C0114,1,1,0,1,0,0,0,0,1,0,1,0,0,0,0,0,0,0,1,0,0,0,1,1,0,0,1,1,1,0,0,1,1,0,1,1,1,0,0,1,0,0,0,1,0,0,0,1,1,1,1,1,0,0,1,1,1,1
C0115,1,0,1,1,0,1,0,0,0,1,0,0,0,0,0,0,0,0,0,0,0,1,0,0,1,0,0,1,0,0,0,0,1,0,0,1,0,0,0,0,1,0,0,0,0,0,0,1,1,1,0,1,0,0,1,1,1,0
C0116,1,0,1,1,0,1,1,1,0,1,0,0,0,0,1,1,0,1,1,0,0,0,0,0,1,0,0,1,0,0,0,0,1,0,1,1,1,1,0,1,0,0,1,0,0,0,0,1,1,1,0,1,0,1,1,1,1,1
C0117,0,0,0,0,1,0,0,1,0,0,0,0,0,0,0,0,0,0,0,0,1,0,0,0,0,1,1,1,0,1,0,0,1,0,0,0,1,0,0,1,0,0,0,0,0,0,1,0,0,0,1,0,0,0,1,0,1,1
C0118,0,1,1,1,1,1,0,0,0,1,0,0,0,0,0,0,0,0,0,0,1,0,0,0,0,0,0,1,0,0,1,0,0,1,0,0,0,0,0,0,0,1,0,0,0,0,0,1,1,1,1,1,0,0,1,0,1,0
C0119,0,1,0,1,0,1,0,1,0,0,0,1,0,0,1,0,0,0,0,0,0,0,0,0,1,0,0,0,1,0,0,0,0,0,1,0,0,1,0,1,0,0,0,0,0,1,0,0,1,1,0,0,1,1,0,1,1,1
C0120,0,1,0,0,0,0,1,0,0,1,0,0,1,1,0,1,1,1,0,0,0,1,0,0,0,0,0,0,0,0,0,1,0,1,1,1,1,0,0,0,0,0,0,0,1,0,0,0,0,1,0,1,0,1,1,1,1,0
C0121,1,0,1,1,1,0,1,0,0,0,1,1,1,0,0,0,1,0,0,0,0,0,0,1,0,0,0,1,0,0,0,1,0,0,0,0,0,1,0,0,1,0,0,0,0,0,0,1,1,0,1,0,1,1,1,0,1,0
C0122,0,1,0,0,0,1,1,0,0,0,0,1,0,1,0,0,1,1,0,1,0,0,0,1,1,1,0,1,1,1,0,0,1,1,1,0,0,0,1,0,0,0,0,1,0,0,0,0,0,1,0,0,1,1,1,1,1,0
C0123,0,0,0,1,1,0,0,1,1,1,0,1,1,1,1,1,1,0,0,1,0,0,1,0,0,0,1,0,0,1,0,0,0,1,1,1,1,0,0,1,0,1,0,0,0,0,0,0,1,1,1,1,1,1,1,1,1,1
C0124,0,0,1,0,1,0,0,0,0,1,1,0,0,0,0,0,0,0,1,0,0,0,0,1,0,0,1,0,0,0,1,1,1,0,0,1,0,0,1,1,0,0,0,0,0,1,0,1,0,1,1,1,0,0,1,0,1,1
C0125,1,1,0,0,0,0,1,1,1,0,0,0,0,0,0,0,0,0,1,1,1,0,1,0,1,0,0,0,0,0,1,1,0,0,1,1,1,0,1,1,0,0,1,0,0,0,0,1,0,1,0,1,0,0,1,1,1,1
C0126,0,0,1,0,0,0,0,0,0,0,0,1,0,0,1,1,1,1,0,0,0,0,0,0,0,0,0,0,0,0,0,1,0,1,0,0,0,0,0,0,0,0,0,1,0,0,0,1,0,0,0,0,1,1,0,0,1,0
C0127,0,1,1,1,1,1,0,0,1,0,0,1,1,0,0,1,1,0,1,0,0,0,0,1,0,1,0,1,0,0,0,1,1,1,0,0,0,1,0,1,1,0,0,0,0,0,0,1,1,1,1,1,1,1,1,0,1,1
C0128,1,1,1,1,0,0,1,0,0,1,1,1,0,0,1,0,0,0,0,1,0,0,0,0,1,0,1,0,1,0,1,1,0,1,0,1,0,0,1,1,0,0,0,0,1,0,0,1,1,1,1,1,1,1,1,1,1,1
C0129,1,0,1,1,0,1,0,0,0,0,0,0,0,0,0,0,0,0,1,1,0,1,1,1,0,1,1,1,1,0,0,1,0,1,0,1,1,0,0,0,1,0,0,0,0,0,0,1,1,1,0,0,0,0,1,0,1,0
C0130,1,0,0,0,1,0,0,1,0,0,1,0,0,0,0,0,1,0,0,0,0,0,0,0,0,0,0,0,0,0,0,1,1,0,0,0,1,0,0,1,0,1,0,0,0,0,0,1,0,0,1,0,0,1,0,0,1,1
C0131,1,1,1,1,0,1,0,0,0,1,0,0,0,1,1,0,0,1,0,0,0,0,0,0,0,0,0,0,0,0,0,0,1,0,0,0,0,1,0,1,0,1,0,0,0,0,0,1,1,1,0,1,0,1,0,0,1,1
C0132,0,0,1,1,0,0,1,0,0,1,0,0,0,1,0,0,1,0,0,0,0,0,0,0,1,0,1,1,0,0,0,0,0,1,1,0,0,0,0,0,0,1,0,0,0,0,0,1,1,1,0,1,0,1,0,1,1,0
C0133,1,1,1,1,1,0,0,1,0,0,1,1,0,1,0,0,0,0,0,0,1,0,0,0,1,0,0,0,0,0,0,0,0,0,1,0,0,0,0,0,1,0,0,0,0,0,0,1,1,1,1,0,1,1,1,1,0,0
C0134,1,1,0,1,1,0,0,0,0,1,0,0,1,0,0,0,0,0,0,0,0,0,0,0,0,0,1,0,0,1,0,0,0,1,1,0,1,1,0,0,0,0,0,0,1,0,0,1,1,1,1,1,0,1,0,1,1,0
C0135,0,0,0,0,0,0,0,0,0,0,0,0,0,1,1,1,0,0,0,1,0,0,0,1,0,1,0,0,0,0,0,0,0,1,0,0,0,0,0,0,0,1,0,0,0,0,0,0,0,0,0,0,0,1,1,0,1,0
C0136,1,0,0,0,1,0,1,0,0,0,1,0,0,1,0,0,0,0,0,1,0,1,0,0,1,1,1,0,0,0,1,0,0,1,1,0,0,0,0,0,0,0,1,0,0,0,0,1,0,0,1,0,0,1,1,1,1,0
C0137,0,0,0,1,1,1,1,0,0,0,0,0,0,1,1,0,1,1,0,0,0,0,0,0,0,0,1,0,0,1,1,1,0,0,0,0,0,0,0,0,0,0,0,1,0,0,0,0,1,1,1,0,0,1,0,0,1,0
C0138,0,1,0,1,1,1,1,0,0,1,0,0,1,1,0,1,1,0,0,1,1,0,0,0,1,1,0,0,0,0,0,0,1,1,0,0,0,1,0,0,0,1,0,0,0,0,0,0,1,1,1,1,0,1,1,1,1,0
C0139,0,0,0,1,0,0,0,0,0,0,0,0,1,1,0,1,1,1,0,1,1,1,0,0,1,0,0,0,1,0,0,1,0,0,0,0,0,0,0,0,0,1,0,0,0,0,0,0,1,0,0,0,0,1,1,1,0,0
C0140,0,0,0,1,0,0,1,0,0,0,0,0,0,0,0,0,0,0,0,0,0,0,1,1,1,1,0,1,0,0,0,1,1,1,1,0,0,0,0,1,0,0,0,1,0,0,0,0,1,0,0,0,0,0,1,1,1,1
C0141,0,0,1,0,0,0,1,0,1,0,1,0,0,0,0,0,0,0,0,0,0,0,0,0,0,1,1,1,0,0,0,0,0,1,0,0,1,1,0,1,1,0,0,0,0,0,0,1,0,0,1,1,0,0,0,0,1,1
C0142,1,1,0,1,1,1,0,0,0,0,0,0,0,0,0,0,0,0,0,0,0,0,0,0,1,0,0,0,0,0,0,0,1,0,1,0,0,0,0,0,0,0,1,0,0,0,0,1,1,1,1,0,0,0,0,1,0,0
C0143,0,0,0,0,0,0,0,0,0,1,1,0,1,1,0,1,1,1,1,0,0,0,0,0,1,1,0,0,0,0,0,1,1,1,0,0,1,0,0,0,0,0,1,0,0,0,0,0,0,1,1,1,0,1,1,1,1,0
C0144,0,0,0,1,1,0,0,0,0,0,0,0,0,1,0,0,0,0,1,1,0,1,0,1,1,1,1,0,1,0,1,0,1,1,0,1,1,0,0,0,0,0,0,1,0,0,0,0,1,0,1,0,0,1,1,1,1,0
C0145,0,1,1,0,0,1,0,1,0,0,0,0,0,0,0,0,0,0,0,1,0,0,0,0,1,1,1,0,0,0,0,0,0,1,1,1,1,0,0,1,0,0,0,0,0,0,1,1,0,1,0,0,0,0,1,1,1,1
C0146,0,1,1,0,0,0,1,1,0,0,0,1,0,0,0,0,0,0,0,0,0,0,0,0,1,0,1,0,0,0,0,0,0,1,1,0,1,1,0,0,0,1,0,0,0,0,0,1,0,1,0,0,1,0,0,1,1,0
C0147,1,0,1,1,0,0,0,0,0,0,1,1,0,0,0,0,1,0,1,0,0,1,0,0,1,1,0,1,1,0,0,1,0,0,1,0,1,0,0,0,0,0,0,1,0,0,0,1,1,0,1,0,1,1,1,1,1,0
C0148,0,0,0,0,0,0,0,1,1,1,0,1,0,0,0,0,0,0,0,0,0,0,0,0,1,0,0,0,0,0,0,0,0,1,1,0,0,0,1,0,1,0,0,0,0,0,0,0,0,1,0,1,1,0,0,1,1,0
C0149,1,0,1,0,1,0,0,0,1,1,1,1,0,0,0,1,0,0,0,0,0,1,1,0,0,0,0,0,0,1,0,0,0,1,0,0,1,1,0,0,0,1,0,0,0,0,0,1,0,1,1,1,1,1,1,0,1,0
C0150,1,0,1,1,1,1,1,0,0,0,0,0,1,0,1,1,1,0,0,0,1,0,0,0,0,0,0,0,0,0,1,0,0,0,1,1,1,0,0,0,0,0,1,0,0,0,0,1,1,1,1,0,0,1,1,1,1,0
C0151,0,0,0,0,0,1,0,0,1,1,0,0,0,0,0,0,0,0,0,1,1,0,0,0,1,0,0,1,1,0,0,1,1,0,1,0,1,0,0,0,1,0,0,0,0,0,0,0,0,1,0,1,0,0,1,1,1,0
C0152,0,1,1,0,0,1,0,0,0,1,0,0,0,0,1,1,1,1,0,0,0,0,0,0,0,0,1,1,0,1,0,0,0,1,0,1,0,1,0,1,0,0,0,1,0,0,0,1,0,1,0,1,0,1,0,0,1,1
C0153,1,1,0,1,0,0,0,1,1,1,1,0,1,1,0,0,0,1,0,1,0,0,1,0,0,0,0,0,0,0,0,1,1,1,1,0,1,0,0,0,0,1,0,0,0,0,0,1,1,1,1,1,0,1,1,1,1,0
C0154,0,1,0,0,1,1,0,0,0,1,0,0,0,0,0,1,0,1,0,1,0,0,1,1,0,1,1,0,1,1,0,0,0,1,0,0,1,1,0,1,1,0,0,0,0,0,0,0,0,1,1,1,0,1,1,0,1,1
C0155,1,0,0,0,1,0,0,0,0,1,0,0,0,0,0,0,0,1,0,1,0,0,0,0,0,0,0,0,1,1,0,1,1,1,1,0,0,0,0,1,1,0,0,0,0,0,0,1,0,1,1,1,0,1,1,1,1,1
C0156,1,0,0,1,0,1,0,1,0,1,1,0,0,0,0,0,0,0,1,1,0,0,1,1,1,0,0,1,1,0,1,1,0,0,1,0,0,0,0,0,1,0,0,0,0,0,0,1,1,1,1,1,0,0,1,1,0,0
C0157,1,0,1,1,0,0,0,0,0,0,0,0,1,1,1,0,1,1,0,0,0,0,0,0,1,0,0,0,0,0,0,0,0,0,1,0,0,0,0,0,1,0,0,0,0,0,0,1,1,0,0,0,0,1,0,1,0,0
C0158,1,0,1,0,0,0,0,0,0,0,0,0,0,0,1,0,0,0,0,0,0,0,0,0,0,0,1,1,0,1,0,0,0,0,1,0,1,1,0,0,0,0,1,0,0,0,0,1,0,0,0,0,0,1,0,1,1,0
C0159,0,0,1,1,0,0,0,0,0,1,0,0,0,0,0,0,0,0,0,0,1,1,0,1,1,0,0,0,1,1,0,1,0,1,1,1,0,0,1,0,1,0,0,0,0,0,0,1,1,1,0,1,0,0,1,1,1,0
C0160,1,0,1,0,0,1,1,1,0,1,0,0,0,0,0,0,1,0,1,1,0,0,0,0,1,0,0,1,0,1,0,0,1,0,0,1,1,0,0,1,0,0,0,0,0,1,0,1,0,1,0,1,0,1,1,1,1,1
C0161,1,0,0,1,0,0,1,0,0,0,1,1,0,0,0,0,0,0,1,0,0,1,0,0,1,1,1,0,1,0,0,1,0,1,0,0,0,0,1,1,1,0,0,0,0,0,0,1,1,0,1,0,1,0,1,1,1,1
C0162,1,0,1,1,1,0,0,0,0,0,0,0,1,1,1,0,0,0,0,0,1,0,0,0,1,0,0,0,0,0,1,0,1,1,1,0,0,0,0,0,1,0,0,0,0,0,0,1,1,0,1,0,0,1,1,1,1,0
C0163,1,0,1,1,1,1,0,0,0,1,1,0,0,0,0,0,0,0,0,0,0,1,0,0,1,0,1,1,0,0,0,0,0,0,0,1,0,0,1,0,0,0,0,0,1,0,0,1,1,1,1,1,0,0,1,1,1,0
C0164,0,1,0,0,0,1,0,0,0,0,0,0,1,0,1,1,1,0,0,1,0,0,0,1,1,1,1,0,1,1,0,1,0,1,1,0,0,1,1,0,0,0,0,1,0,0,0,0,0,1,0,0,0,1,1,1,1,0
C0165,0,0,1,0,1,1,0,1,0,0,0,0,1,1,0,0,0,0,1,0,1,0,0,1,1,1,1,1,0,0,1,1,0,1,0,0,0,0,0,0,0,0,1,0,0,0,0,1,0,1,1,0,0,1,1,1,1,0
C0166,1,0,0,1,0,0,0,0,0,0,1,1,0,0,0,0,0,0,0,0,0,0,0,0,1,0,0,0,0,0,0,0,0,1,0,1,1,0,0,1,0,0,0,1,0,0,0,1,1,0,1,0,1,0,0,1,1,1
C0167,1,0,0,1,0,0,0,1,1,0,0,0,0,1,1,0,1,1,0,0,0,0,1,0,0,0,0,0,0,0,0,0,0,0,0,0,0,0,0,1,1,0,0,0,0,0,0,1,1,0,0,1,0,1,1,0,0,1
C0168,0,0,0,0,0,1,1,0,0,0,0,0,0,0,1,0,0,1,1,0,0,0,1,0,0,1,0,0,0,0,0,1,1,1,0,0,0,1,0,1,0,0,0,1,0,0,0,0,0,1,0,0,0,1,1,0,1,1
C0169,0,0,0,0,0,0,1,1,0,0,0,0,0,0,0,0,0,0,0,1,0,0,0,0,0,0,0,1,0,0,1,0,0,0,0,1,1,0,1,1,0,0,0,1,0,0,0,0,0,0,0,0,0,0,1,0,1,1
C0170,0,1,0,0,0,1,0,0,0,1,1,1,1,0,0,0,1,0,0,0,0,1,1,0,0,0,0,0,0,0,0,0,0,0,0,0,1,0,0,0,0,1,0,0,0,0,0,0,0,1,1,1,1,1,1,0,1,0
C0171,0,1,0,0,0,0,1,0,0,0,0,0,0,0,0,0,1,0,0,0,0,0,0,0,0,0,0,0,0,0,0,0,0,0,1,0,0,0,0,0,0,0,0,1,0,0,0,0,0,1,0,0,0,1,0,1,0,0
C0172,1,0,0,0,1,0,0,0,0,0,0,0,0,0,1,0,1,1,0,0,0,0,0,1,1,0,0,0,0,0,0,0,0,0,0,0,0,0,0,0,1,0,0,0,0,0,0,1,0,0,1,0,0,1,1,1,0,0
C0173,1,0,0,1,0,0,1,0,1,1,0,0,0,0,1,0,0,0,1,1,0,0,0,1,0,0,0,1,0,1,0,0,1,1,0,0,0,0,1,0,0,1,0,0,0,0,0,1,1,1,0,1,0,1,1,0,1,0
C0174,1,0,1,1,0,0,1,0,0,0,1,1,0,0,0,0,0,0,1,1,1,1,0,1,1,1,0,1,1,1,0,0,0,1,0,0,0,1,0,0,0,0,0,0,0,1,0,1,1,0,1,0,1,0,1,1,1,0
C0175,1,1,1,0,1,0,0,1,1,0,1,1,0,0,0,1,0,0,0,0,0,0,0,0,0,0,0,0,0,0,0,0,0,0,0,0,0,0,1,1,0,0,0,1,0,0,0,1,0,1,1,1,1,1,0,0,1,1
C0176,1,1,1,1,1,0,0,0,0,1,0,0,0,0,0,0,0,0,1,1,0,0,1,1,0,1,0,0,0,1,0,0,1,1,0,0,0,0,0,0,0,0,1,0,0,0,0,1,1,1,1,1,0,0,1,0,1,0
C0177,0,0,0,0,0,0,0,0,0,1,0,0,0,1,1,1,1,0,0,0,0,0,0,0,0,0,0,0,0,0,0,0,1,0,0,0,0,0,0,0,1,0,0,0,0,0,0,0,0,1,0,1,0,1,0,0,0,0
C0178,1,1,0,1,0,1,1,0,0,1,0,1,1,0,1,1,1,1,0,1,0,1,0,0,0,1,1,0,0,1,0,0,0,0,0,0,0,0,0,0,0,0,0,1,0,0,0,1,1,1,0,1,1,1,1,0,1,0
C0179,1,1,0,0,1,1,0,0,1,1,1,1,0,0,0,1,0,1,0,0,0,0,0,0,1,0,0,1,1,0,0,0,0,1,1,0,0,0,0,0,0,1,0,0,0,0,0,1,0,1,1,1,1,1,0,1,1,0
C0180,0,1,1,1,0,0,0,0,1,1,0,1,1,1,1,1,0,1,0,1,0,0,1,0,1,1,0,1,0,1,0,0,0,1,0,0,1,0,0,0,0,0,0,0,0,0,1,1,1,1,0,1,1,1,1,1,1,0
C0181,0,0,0,0,1,0,0,1,1,0,1,1,0,0,1,1,0,0,0,0,0,0,0,0,0,0,1,0,0,1,0,0,0,0,0,0,1,0,0,1,0,0,1,0,0,0,0,0,0,0,1,1,1,1,0,0,1,1
C0182,0,0,0,0,0,0,0,1,1,1,0,1,1,0,1,0,1,0,1,1,0,0,1,0,1,0,1,0,0,0,1,0,1,0,0,0,1,0,1,1,0,0,0,0,1,0,0,0,0,1,0,1,1,1,1,1,1,1
C0183,1,0,1,0,1,0,0,0,1,1,1,1,0,1,1,1,0,0,1,0,0,0,0,0,1,0,0,0,1,1,1,1,0,1,0,0,1,0,0,0,0,0,1,0,0,0,0,1,0,1,1,1,1,1,1,1,1,0
C0184,0,0,1,0,1,0,1,0,0,0,1,0,1,0,1,0,1,0,0,1,1,1,1,0,1,0,1,0,0,0,0,1,0,0,0,1,0,1,0,1,0,1,0,0,0,0,0,1,0,0,1,0,0,1,1,1,1,1
C0185,0,1,0,0,0,0,0,0,1,0,0,0,1,0,0,0,0,0,0,0,0,0,0,0,1,0,1,0,0,0,0,0,0,1,0,0,0,1,1,0,1,0,0,0,0,0,0,0,0,1,0,1,0,1,0,1,1,0
C0186,0,0,1,0,0,0,1,0,1,0,0,0,1,1,0,1,0,0,1,0,0,1,1,1,1,0,0,1,1,0,0,0,1,0,1,0,0,0,1,0,1,0,0,0,0,0,0,1,0,0,0,1,0,1,1,1,1,0
C0187,0,0,0,0,1,1,0,1,0,1,1,0,0,0,0,0,0,0,0,0,0,0,0,0,0,0,1,1,0,0,1,0,0,1,0,0,0,0,0,1,1,0,0,0,0,0,0,0,0,1,1,1,0,0,0,0,1,1
C0188,1,0,0,0,1,0,0,0,0,1,0,0,1,0,0,0,0,0,0,1,1,0,0,1,0,0,0,0,0,1,0,1,0,0,0,1,0,1,0,0,0,0,0,1,0,0,0,1,0,1,1,1,0,1,1,0,1,0
C0189,0,0,0,1,0,0,0,0,1,1,0,0,1,1,1,1,1,0,0,0,0,0,0,0,1,0,1,0,0,0,0,1,0,0,0,1,0,0,1,0,0,0,0,0,1,0,0,0,1,1,0,1,0,1,0,1,1,0
C0190,0,1,0,1,0,0,1,0,0,0,0,1,0,0,0,0,1,1,0,0,0,0,0,0,1,0,1,0,0,1,0,0,0,1,1,1,1,0,0,0,0,0,1,0,0,0,0,0,1,1,0,0,1,1,0,1,1,0
C0191,0,1,0,0,1,0,0,0,1,1,1,1,0,0,0,0,0,0,1,0,0,1,0,0,1,0,0,0,0,0,0,1,1,0,1,0,0,0,1,0,0,0,0,1,0,0,0,0,0,1,1,1,1,0,1,1,1,0
C0192,1,1,1,1,0,0,0,1,0,1,0,0,0,0,0,1,1,1,1,1,0,1,1,1,1,0,0,1,0,0,0,1,0,0,0,0,0,1,0,0,0,1,0,0,0,0,0,1,1,1,0,1,0,1,1,1,1,0
C0193,0,0,1,0,0,0,1,1,0,0,0,0,0,0,1,1,1,1,0,0,0,0,0,0,0,0,1,1,0,0,0,0,0,0,0,0,0,0,0,0,0,0,0,1,0,0,0,1,0,0,0,0,0,1,0,0,1,0
C0194,0,1,0,0,0,0,0,0,0,1,0,0,1,0,0,0,1,0,0,1,1,0,1,1,0,1,0,0,1,1,1,0,0,0,0,0,0,0,0,0,1,0,0,0,0,0,0,0,0,1,0,1,0,1,1,0,0,0
C0195,0,0,0,0,1,1,0,1,0,1,1,0,0,1,1,1,0,0,1,0,0,0,0,0,0,0,0,0,1,1,0,1,0,1,0,1,1,0,0,1,0,0,0,1,0,0,0,0,0,1,1,1,0,1,1,0,1,1
C0196,0,1,1,0,0,1,1,0,0,1,0,0,1,0,1,0,0,0,0,0,0,0,0,1,0,1,0,0,0,0,0,0,0,1,0,0,0,0,1,0,0,1,0,0,0,0,0,1,0,1,0,1,0,1,1,0,1,0
C0197,0,1,0,0,1,1,0,0,0,0,1,0,1,0,1,1,1,0,1,0,1,1,1,1,1,0,0,0,0,0,0,1,0,0,0,0,1,0,1,1,0,0,0,1,0,0,0,0,0,1,1,0,0,1,1,1,1,1
C0198,0,1,0,0,0,1,1,0,1,1,1,1,0,0,0,0,0,0,0,0,0,0,0,0,0,1,0,1,0,0,0,0,0,1,0,1,0,0,0,0,0,0,0,1,0,0,0,0,0,1,1,1,1,0,0,0,1,0
C0199,0,1,1,1,1,1,0,0,0,1,1,0,1,1,0,0,0,1,0,0,0,0,0,0,1,0,0,0,0,0,0,0,0,0,1,0,0,0,0,0,1,0,0,0,0,0,0,1,1,1,1,1,0,1,0,1,0,0
C0200,0,0,0,1,1,1,0,1,1,1,1,0,0,0,0,0,0,0,1,1,0,0,0,1,1,1,1,1,1,1,0,0,1,1,0,0,1,1,0,1,0,0,1,0,0,0,0,0,1,1,1,1,0,0,1,1,1,1
C0201,0,0,0,1,1,0,1,1,1,1,1,1,1,0,0,0,0,0,0,0,0,0,0,0,0,0,0,1,1,0,0,0,0,0,1,0,0,1,0,0,0,0,0,1,0,0,0,0,1,1,1,1,1,1,0,1,1,0
C0202,1,0,0,0,1,0,1,0,0,0,0,0,0,0,0,0,0,0,1,0,0,1,0,0,1,1,0,1,1,0,0,0,1,1,0,0,0,0,0,0,0,1,0,0,0,0,0,1,0,0,1,0,0,0,1,1,1,0
C0203,1,1,1,1,1,0,1,0,1,0,0,0,0,0,0,0,1,0,0,1,0,1,1,1,1,0,0,1,0,1,1,1,0,1,0,1,1,0,1,1,0,0,0,1,0,0,0,1,1,1,1,1,0,1,1,1,1,1
C0204,1,1,1,1,0,0,1,0,0,1,1,0,0,0,0,0,0,0,0,1,0,0,0,0,0,1,1,0,0,1,1,1,0,0,0,1,1,0,0,1,0,0,0,0,1,0,0,1,1,1,1,1,0,0,1,0,1,1
C0205,0,0,0,0,1,0,1,1,0,1,1,0,1,1,1,1,0,1,1,1,1,0,0,0,1,0,0,0,0,1,0,1,0,0,1,0,0,0,1,0,0,0,0,0,1,0,0,0,0,1,1,1,0,1,1,1,1,0
C0206,1,0,0,1,0,0,0,0,1,0,0,0,0,0,0,0,0,0,1,0,1,1,0,1,0,1,0,0,1,0,1,1,0,0,0,0,0,0,0,0,0,1,0,0,0,0,0,1,1,0,0,1,0,0,1,0,0,0
C0207,0,1,1,1,0,1,0,0,0,0,1,0,0,0,0,0,1,0,1,0,1,0,0,0,0,1,0,1,0,0,1,1,1,1,1,0,0,0,0,0,0,0,1,0,0,0,0,1,1,1,1,0,0,1,1,1,1,0
C0208,1,1,0,0,0,1,0,0,0,1,0,0,0,1,0,0,1,1,0,1,1,1,0,1,1,0,0,1,0,1,0,0,1,1,0,0,0,0,1,0,1,0,0,0,0,0,0,1,0,1,0,1,0,1,1,1,1,0
C0209,0,1,0,0,0,0,0,1,1,0,0,0,0,1,0,0,0,0,1,1,0,1,1,1,1,0,1,1,0,0,1,1,0,0,1,0,0,0,0,1,0,0,0,0,1,0,0,0,0,1,0,1,0,1,1,1,1,1
C0210,0,0,0,1,1,0,1,0,0,0,0,0,1,0,0,1,1,1,1,0,0,0,0,0,0,1,1,0,0,0,0,1,0,1,0,0,0,0,0,0,1,0,0,0,0,0,0,0,1,0,1,0,0,1,1,0,1,0
C0211,0,1,0,0,0,0,0,0,1,0,0,0,0,1,0,1,0,0,0,1,0,0,0,0,1,1,0,1,0,1,1,1,0,1,1,0,0,0,0,0,0,0,1,0,0,0,0,0,0,1,0,1,0,1,1,1,1,0
C0212,1,0,0,1,0,0,1,0,0,0,1,0,0,0,0,1,0,0,1,0,0,0,0,0,1,0,0,0,0,1,0,1,1,1,1,0,0,0,0,0,1,0,0,0,0,0,0,1,1,0,1,0,0,1,1,1,1,0
C0213,0,0,0,1,0,1,0,1,1,1,0,0,0,1,0,1,0,0,1,0,0,1,0,0,1,1,1,0,1,1,0,0,1,0,0,1,1,0,0,1,0,0,0,0,1,0,0,0,1,1,0,1,0,1,1,1,1,1
C0214,1,0,0,0,0,0,0,0,0,0,1,0,1,0,1,1,0,1,1,1,0,0,0,0,1,1,0,0,0,1,0,1,1,1,0,0,0,0,1,0,0,0,1,0,0,0,0,1,0,0,1,0,0,1,1,1,1,0
C0215,0,1,0,0,1,1,0,0,0,1,0,0,0,1,0,0,0,0,0,0,0,1,0,0,0,0,0,1,1,0,0,0,0,0,0,0,0,0,0,0,1,0,0,0,0,0,0,0,0,1,1,1,0,1,1,0,0,0
C0216,0,0,0,0,0,0,1,1,0,0,0,0,1,0,0,0,0,0,0,0,0,0,1,0,0,0,0,0,0,1,0,0,0,1,0,0,0,1,0,1,0,0,0,0,1,0,0,0,0,0,0,0,0,1,1,0,1,1
C0217,0,0,0,0,0,1,1,0,0,1,0,0,1,0,1,0,1,1,0,0,0,0,0,0,1,0,0,1,0,0,0,0,0,1,1,1,0,0,0,0,1,0,0,0,0,0,0,0,0,1,0,1,0,1,0,1,1,0
C0218,0,0,0,0,0,0,1,0,1,0,0,0,0,0,0,0,0,0,1,0,0,0,0,1,1,1,0,1,0,0,0,0,0,1,0,0,0,0,1,0,0,0,0,1,0,0,0,0,0,0,0,1,0,0,1,1,1,0
C0219,1,0,1,1,1,1,1,1,0,0,0,0,0,1,1,1,1,1,0,0,1,0,1,1,1,0,0,0,0,0,1,0,1,0,1,0,0,0,0,0,0,1,0,0,0,0,0,1,1,1,1,0,0,1,1,1,0,0
C0220,0,1,0,0,0,1,1,0,0,1,0,0,0,0,0,0,1,1,0,1,1,0,1,1,1,0,0,1,1,0,0,1,0,0,1,1,0,0,0,1,0,0,0,1,0,0,0,0,0,1,0,1,0,1,1,1,1,1
C0221,0,1,1,0,1,1,0,0,0,1,0,0,0,0,0,0,1,0,1,1,0,1,1,0,1,1,0,0,0,1,0,0,1,1,0,0,0,0,0,0,0,0,1,0,0,0,0,1,0,1,1,1,0,1,1,1,1,0
C0222,0,1,0,1,0,0,0,0,0,0,0,0,1,0,0,1,1,0,1,0,1,0,1,1,0,1,1,1,0,1,0,1,1,1,1,1,0,0,0,1,0,0,0,1,0,0,0,0,1,1,0,0,0,1,1,1,1,1
C0223,0,1,0,0,0,0,1,0,0,1,0,0,1,0,1,1,0,1,0,1,0,0,0,0,0,0,0,0,0,0,0,1,0,0,0,0,0,1,0,0,1,0,0,0,0,0,0,0,0,1,0,1,0,1,1,0,1,0
C0224,1,1,0,0,0,1,1,0,0,1,0,0,0,0,0,0,1,0,0,0,0,0,1,0,0,0,1,0,0,1,0,0,0,0,0,0,0,0,0,0,0,0,0,0,1,0,0,1,0,1,0,1,0,1,1,0,1,0
C0225,0,0,0,0,0,0,1,0,1,1,1,1,1,1,1,1,0,0,1,1,0,1,0,1,0,0,0,0,0,0,0,1,1,0,0,0,1,1,0,0,0,0,1,0,0,0,0,0,0,1,1,1,1,1,1,0,1,0
C0226,1,1,0,0,0,1,0,0,0,0,0,0,0,0,0,0,0,0,1,0,0,0,1,1,1,1,0,1,0,0,1,1,1,1,1,0,0,0,1,1,0,0,1,0,0,0,0,1,0,1,0,0,0,0,1,1,1,1
C0227,1,0,1,0,0,0,1,0,1,1,0,0,0,0,0,0,0,0,0,0,0,0,0,0,0,0,0,0,1,0,0,0,0,0,0,0,0,1,0,1,0,0,0,0,0,1,0,1,0,1,0,1,0,0,0,0,1,1
C0228,0,1,1,0,0,1,0,1,0,0,0,1,1,1,0,1,0,1,0,1,1,0,0,0,1,1,0,1,1,1,0,1,0,0,0,0,1,0,0,0,0,0,0,1,0,0,0,1,0,1,0,0,1,1,1,1,1,0
C0229,0,0,1,1,0,0,1,0,0,0,1,1,0,0,0,1,0,0,1,0,0,0,0,0,1,1,0,0,0,0,0,0,0,1,1,0,1,0,0,0,0,0,1,0,0,0,0,1,1,0,1,0,1,1,1,1,1,0
C0230,1,0,1,1,0,0,0,0,0,1,1,1,0,0,0,0,0,0,0,1,0,0,0,0,0,1,1,0,1,0,0,1,0,1,1,0,0,0,0,0,0,1,0,0,0,0,0,1,1,1,1,1,1,0,1,1,1,0
C0231,1,0,1,0,0,0,1,0,0,0,0,0,0,0,0,0,1,0,1,0,0,0,0,0,0,1,0,0,0,1,1,1,0,0,0,1,0,1,1,1,0,0,0,0,1,0,0,1,0,0,0,0,0,1,1,0,1,1
C0232,0,0,0,0,1,0,1,0,0,0,1,0,1,0,0,0,1,0,0,0,0,0,0,0,0,0,1,0,0,1,0,0,0,0,0,0,0,1,0,1,0,0,0,0,0,1,0,0,0,0,1,0,0,1,0,0,1,1
C0233,0,0,0,0,1,1,1,0,0,0,0,0,1,1,0,1,1,1,1,1,0,1,0,0,1,1,0,0,0,0,1,1,0,1,1,1,0,1,0,1,0,0,0,1,0,0,0,0,0,1,1,0,0,1,1,1,1,1
C0234,0,1,1,0,1,0,0,0,1,1,0,0,0,0,0,0,0,0,0,1,0,0,0,0,1,1,0,1,0,0,0,0,0,1,1,0,0,0,0,0,0,0,1,0,0,0,0,1,0,1,1,1,0,0,1,1,1,0
C0235,0,0,0,0,0,0,1,1,0,0,0,0,0,0,0,0,0,0,1,0,0,1,1,0,1,1,0,0,0,0,0,1,1,0,1,0,1,0,0,1,1,0,0,0,0,0,0,0,0,0,0,0,0,0,1,1,1,1
C0236,0,1,0,0,0,1,1,0,0,0,0,0,0,0,0,0,0,0,1,1,0,0,1,1,1,1,0,0,1,1,0,1,0,1,1,0,0,0,0,0,0,0,1,0,0,0,0,0,0,1,0,0,0,0,1,1,1,0
C0237,0,0,1,0,1,0,0,0,0,1,1,1,0,1,1,1,0,1,0,0,0,0,0,1,1,0,0,1,0,0,0,1,0,1,0,1,0,1,1,1,0,0,1,0,0,0,0,1,0,1,1,1,1,1,1,1,1,1
C0238,0,0,0,0,1,0,0,0,1,0,1,0,0,0,0,0,1,0,0,0,0,0,0,0,0,0,1,0,0,1,0,0,1,0,0,1,0,0,0,0,0,1,0,0,0,0,0,0,0,0,1,1,0,1,0,0,1,0
C0239,0,1,0,0,0,0,1,0,0,1,0,0,1,1,0,0,1,1,1,1,0,1,0,1,1,0,1,1,0,0,0,1,0,1,1,1,1,1,0,1,0,0,0,0,1,0,0,0,0,1,0,1,0,1,1,1,1,1
C0240,0,1,0,0,0,1,1,0,0,0,0,0,0,0,0,0,0,0,0,1,0,1,1,1,1,0,0,1,1,1,0,1,0,1,0,0,0,1,0,0,0,0,1,0,0,0,0,0,0,1,0,0,0,0,1,1,1,0
C0241,1,1,0,1,1,1,0,0,1,0,1,0,0,0,0,0,0,0,1,1,1,1,0,1,1,0,0,0,1,1,1,1,1,1,1,0,0,0,0,0,1,0,0,0,0,0,0,1,1,1,1,1,0,0,1,1,1,0
C0242,0,0,1,0,0,1,0,0,0,0,1,1,0,0,0,1,0,0,1,1,1,1,0,0,0,1,0,0,0,0,0,0,0,0,0,1,0,0,0,0,0,0,0,1,0,0,0,1,0,1,1,0,1,1,1,0,1,0
C0243,1,1,1,1,0,1,1,0,1,0,1,0,0,0,0,0,0,0,0,0,0,0,0,0,1,0,0,1,1,0,0,0,0,0,1,0,0,0,0,0,1,0,0,0,0,0,0,1,1,1,1,1,0,0,0,1,0,0
C0244,0,1,0,0,0,1,1,1,0,0,1,0,0,0,1,0,1,1,0,0,0,0,0,0,0,0,1,0,1,0,0,0,0,0,0,0,0,0,0,1,0,0,1,0,0,0,0,0,0,1,1,0,0,1,0,0,1,1
C0245,1,0,1,1,0,0,1,0,0,0,0,0,1,1,0,0,0,0,0,0,0,0,0,0,0,0,1,1,0,1,0,1,0,0,1,1,1,0,1,1,0,0,0,0,0,1,0,1,1,0,0,0,0,1,0,1,1,1
C0246,1,0,1,1,1,0,1,0,1,0,0,1,0,0,0,0,0,0,0,1,1,0,0,1,0,1,0,0,0,0,0,0,0,0,0,0,0,0,0,1,0,0,0,0,1,0,0,1,1,0,1,1,1,0,1,0,0,1
C0247,1,1,1,1,1,1,0,0,1,1,0,0,1,1,0,0,1,0,1,0,0,0,0,0,1,1,1,1,0,0,0,1,1,1,1,1,0,1,0,0,0,1,0,0,0,0,0,1,1,1,1,1,0,1,1,1,1,0
C0248,0,1,0,0,0,1,0,0,0,0,1,0,0,0,1,0,0,0,0,0,0,0,0,0,0,0,0,0,0,0,0,0,0,0,1,1,1,1,0,1,0,0,0,0,0,0,1,0,0,1,1,0,0,1,0,1,1,1
C0249,1,0,1,1,1,0,1,0,1,0,1,0,0,0,0,0,0,1,1,0,0,0,0,0,0,1,0,0,1,0,0,1,1,0,0,0,1,0,0,0,0,0,1,0,0,0,0,1,1,0,1,1,0,1,1,0,1,0
C0250,0,0,0,0,0,0,0,0,1,0,1,1,1,1,0,0,1,1,0,0,0,0,0,1,0,0,0,0,0,0,0,1,0,0,0,0,0,1,0,0,0,0,1,0,0,0,0,0,0,0,1,1,1,1,1,0,1,0
C0251,0,0,0,0,0,0,0,1,0,1,0,1,0,0,0,0,0,0,1,0,1,0,1,1,0,1,0,1,0,0,1,1,1,0,0,0,0,0,0,0,1,0,0,0,0,0,0,0,0,1,0,1,1,0,1,0,0,0
C0252,0,1,0,0,0,0,0,0,0,1,0,0,0,0,0,0,0,0,1,1,0,0,1,1,0,1,0,0,1,0,0,0,1,1,1,0,0,1,0,0,1,0,0,0,0,0,0,0,0,1,0,1,0,0,1,1,1,0
C0253,1,0,1,0,0,0,0,0,0,0,0,0,0,0,0,0,0,0,1,1,0,0,1,1,0,1,0,0,1,1,1,0,0,1,1,0,0,0,0,0,0,0,1,0,0,0,0,1,0,0,0,0,0,0,1,1,1,0
C0254,0,0,1,0,0,1,1,0,0,0,1,0,0,0,0,0,0,0,0,0,1,0,0,0,1,0,0,0,0,0,0,0,1,0,0,0,1,0,0,0,0,0,1,0,0,0,0,1,0,1,1,0,0,0,1,1,1,0
C0255,0,1,1,0,0,0,1,0,0,1,0,1,0,0,0,0,0,0,1,0,0,1,0,0,1,0,0,1,1,1,0,1,1,1,1,0,1,0,0,1,0,0,0,0,1,0,0,1,0,1,0,1,1,0,1,1,1,1
C0256,0,1,0,1,1,0,1,1,0,0,0,0,0,0,0,0,0,0,0,0,0,0,0,0,0,0,0,1,0,0,0,0,0,0,0,0,0,0,0,0,0,0,1,0,0,0,0,0,1,1,1,0,0,0,0,0,0,0
C0257,0,1,0,0,0,1,1,0,0,1,1,1,1,0,0,0,0,0,0,0,0,1,0,1,1,0,0,0,0,0,1,1,0,0,1,0,0,0,0,0,0,1,0,0,0,0,0,0,0,1,1,1,1,1,1,1,0,0
C0258,0,0,0,1,0,0,0,0,1,1,0,0,0,0,0,0,0,1,0,0,0,0,0,0,0,0,0,0,0,0,0,0,0,0,0,0,0,0,0,0,0,0,1,0,0,0,0,0,1,1,0,1,0,1,0,0,0,0
C0259,1,0,0,1,0,0,0,1,1,1,1,1,0,0,0,0,0,0,0,1,1,1,0,1,0,0,0,0,0,1,0,1,0,0,0,0,0,0,0,0,0,0,0,0,1,0,0,1,1,1,1,1,1,0,1,0,0,0
C0260,1,1,1,0,1,0,1,1,0,1,1,0,1,0,0,0,0,0,0,1,1,1,1,1,1,0,0,1,1,0,0,1,0,0,0,0,1,0,0,0,0,0,0,0,1,0,0,1,0,1,1,1,0,1,1,1,1,0
C0261,0,1,0,0,0,0,0,0,1,0,1,0,0,0,0,0,0,0,0,0,0,0,0,0,0,0,1,0,0,1,0,0,0,0,0,0,1,0,0,0,0,0,1,0,0,0,0,0,0,1,1,1,0,0,0,0,1,0
C0262,1,1,1,1,0,1,1,0,0,1,0,0,0,0,1,1,0,1,0,0,0,0,0,0,0,0,0,0,0,0,1,1,0,1,0,0,0,0,0,0,0,0,0,1,0,0,0,1,1,1,0,1,0,1,0,0,1,0
C0263,1,0,0,1,0,0,0,1,0,0,0,0,0,0,0,0,0,0,0,0,0,0,1,0,0,0,0,1,0,0,0,0,0,0,0,1,1,0,0,0,0,0,0,0,0,0,1,1,1,0,0,0,0,0,1,0,1,0
C0264,0,0,1,0,0,1,0,1,0,0,0,0,0,1,1,1,1,1,1,0,0,0,1,0,1,0,0,0,1,0,0,1,1,0,0,0,0,0,0,0,0,1,0,0,0,0,0,1,0,1,0,0,0,1,1,1,0,0
C0265,1,0,0,0,1,0,0,1,1,0,1,0,0,0,1,1,0,0,1,1,0,0,0,0,0,1,1,0,1,0,1,1,0,1,0,0,1,1,0,0,0,1,0,0,0,0,0,1,0,0,1,1,0,1,1,0,1,0
C0266,1,0,1,1,1,1,1,0,0,0,1,0,1,0,1,0,0,0,1,1,1,0,0,0,0,0,0,0,1,1,1,0,0,0,1,0,0,1,0,1,0,0,1,0,0,0,0,1,1,1,1,0,0,1,1,1,1,1
C0267,0,0,0,0,0,1,0,1,0,1,0,0,0,0,0,0,0,0,1,1,0,0,1,1,1,0,0,1,1,0,0,1,0,1,1,1,1,1,1,1,0,0,0,1,0,0,0,0,0,1,0,1,0,0,1,1,1,1
C0268,1,0,1,0,1,0,0,1,1,0,0,1,1,0,0,0,0,0,1,1,0,0,0,0,0,0,1,0,1,1,1,1,0,1,0,0,0,0,0,0,1,0,0,0,0,0,0,1,0,0,1,1,1,1,1,0,1,0
C0269,0,1,1,1,0,1,0,0,1,1,0,0,0,0,0,0,0,0,1,0,1,1,0,1,0,1,1,1,1,0,0,1,0,0,0,0,1,0,0,0,0,0,0,1,0,0,0,1,1,1,0,1,0,0,1,0,1,0
C0270,1,0,0,1,0,0,1,0,0,0,0,1,0,0,0,0,0,0,0,1,0,0,1,1,0,1,0,0,1,1,0,1,0,1,1,0,1,0,1,1,0,1,0,0,0,0,0,1,1,0,0,0,1,0,1,1,1,1
C0271,1,0,1,1,0,0,1,1,0,0,0,1,0,1,1,0,1,1,0,0,1,0,0,0,0,0,0,0,0,1,0,0,0,0,1,1,0,0,0,1,0,0,1,0,0,0,0,1,1,0,0,0,1,1,1,1,1,1
C0272,0,1,0,0,1,1,0,0,0,1,1,0,1,0,0,1,1,1,1,0,0,0,1,0,0,0,0,0,0,0,1,0,0,0,0,0,0,0,1,0,0,1,0,0,0,0,0,0,0,1,1,1,0,1,1,0,1,0
C0273,0,0,0,0,1,1,1,1,1,1,0,1,0,0,0,1,0,0,0,0,0,0,0,0,1,1,1,0,0,0,0,1,0,0,0,0,0,0,0,0,0,1,0,0,0,0,0,0,0,1,1,1,1,1,0,1,1,0
C0274,0,0,0,1,1,0,1,1,0,0,0,0,0,0,1,1,0,0,0,0,0,0,1,0,0,0,0,0,0,0,0,1,0,0,0,1,0,0,0,1,0,0,0,0,1,0,0,0,1,0,1,0,0,1,1,0,1,1
C0275,0,0,1,0,1,0,1,0,0,0,0,0,0,0,0,0,0,0,0,0,0,0,0,0,0,0,0,0,0,0,0,0,0,1,0,0,0,0,0,1,0,0,0,0,0,1,0,1,0,0,1,0,0,0,0,0,1,1
C0276,0,1,1,1,0,0,1,1,0,0,1,0,1,0,0,0,0,0,1,0,1,1,1,1,0,1,1,0,0,1,1,0,1,1,0,1,1,0,0,1,0,0,0,1,0,0,0,1,1,1,1,0,0,1,1,0,1,1
C0277,1,1,1,1,0,1,1,1,0,0,1,0,1,0,0,0,0,0,0,0,1,0,0,0,0,0,1,1,0,0,0,0,0,1,0,1,0,0,1,1,0,0,0,0,1,0,0,1,1,1,1,0,0,1,1,0,1,1
C0278,1,0,1,0,1,0,0,0,0,1,1,1,0,0,1,1,0,0,1,1,0,0,0,1,1,0,1,0,0,0,1,1,1,1,1,1,1,0,0,1,0,0,0,0,0,1,0,1,0,1,1,1,1,1,1,1,1,1
C0279,0,0,0,1,0,0,0,0,1,1,1,0,1,1,0,1,0,0,1,0,0,0,0,0,0,1,0,1,0,0,0,0,1,1,0,0,1,0,0,0,1,0,0,0,0,0,0,0,1,1,1,1,0,1,1,0,1,0
C0280,0,0,1,0,0,0,0,0,0,0,0,0,0,0,0,1,0,1,0,1,1,1,1,0,1,0,1,1,0,0,0,1,0,1,1,0,1,1,0,0,0,0,0,0,1,0,0,1,0,0,0,0,0,1,1,1,1,0
C0281,0,0,0,0,0,0,1,0,0,0,0,0,0,0,0,0,0,0,0,0,0,0,0,0,0,0,1,0,0,0,0,0,0,0,0,1,0,0,1,0,0,0,0,1,0,0,0,0,0,0,0,0,0,0,0,0,1,0
C0282,1,0,0,0,1,0,0,0,1,0,0,1,0,0,1,0,0,0,0,0,0,0,0,0,1,0,1,0,0,0,0,0,0,0,1,1,1,0,1,1,0,0,1,0,0,0,0,1,0,0,1,1,1,1,0,1,1,1
C0283,0,0,0,0,1,0,0,1,0,0,1,0,1,0,0,0,0,0,0,1,0,0,0,0,0,1,1,1,0,1,0,1,0,1,0,1,0,0,0,1,0,0,0,1,0,0,0,0,0,0,1,0,0,1,1,0,1,1
C0284,0,0,0,0,0,0,1,0,0,0,0,1,0,0,0,0,0,0,1,1,0,0,0,1,1,1,0,0,0,1,0,0,0,0,0,0,0,0,1,0,1,0,0,0,0,0,0,0,0,0,0,0,1,0,1,1,1,0
C0285,0,0,1,0,1,1,1,1,0,0,0,0,0,0,0,0,0,0,0,0,1,0,0,0,0,0,0,0,0,0,1,1,0,0,0,1,1,1,1,1,0,0,1,0,0,0,0,1,0,1,1,0,0,0,1,0,1,1
C0286,1,0,1,0,1,0,1,0,0,0,0,0,0,0,0,0,0,0,0,0,0,0,1,1,1,0,1,0,0,1,0,1,0,1,1,1,1,0,0,1,0,0,0,0,0,1,0,1,0,0,1,0,0,0,1,1,1,1
C0287,0,0,0,0,0,0,1,1,0,0,0,0,1,1,1,0,1,0,1,1,0,0,0,1,1,1,0,1,0,1,0,1,1,1,1,1,1,0,0,1,0,0,1,0,0,0,0,0,0,0,0,0,0,1,1,1,1,1
C0288,0,0,1,1,0,0,0,0,1,0,1,1,0,1,0,0,1,0,0,1,0,0,0,0,1,1,0,1,1,0,1,1,1,1,0,0,0,1,0,0,0,0,1,0,0,0,0,1,1,0,1,1,1,1,1,1,1,0
C0289,0,0,0,0,0,0,0,0,0,0,0,0,1,0,1,0,0,1,0,0,0,0,0,0,0,0,0,1,1,0,0,0,0,0,1,0,0,0,1,0,0,0,0,1,0,0,0,0,0,0,0,0,0,1,0,1,1,0
C0290,1,0,1,0,0,0,0,1,0,1,1,1,0,1,1,0,1,0,1,1,0,0,0,0,1,1,1,0,1,0,0,1,0,1,0,0,1,0,0,0,0,0,0,1,0,0,0,1,0,1,1,1,1,1,1,1,1,0
C0291,1,0,1,1,0,1,0,0,1,0,0,1,0,0,0,0,0,0,1,0,1,0,1,0,1,1,0,1,0,1,0,1,1,1,1,1,0,0,0,0,0,1,0,0,0,0,0,1,1,1,0,1,1,0,1,1,1,0
C0292,1,1,1,1,1,1,0,0,0,0,0,0,0,0,0,0,0,0,0,0,0,0,1,0,0,0,0,0,0,0,0,0,0,0,0,0,0,0,0,0,0,1,0,0,0,0,0,1,1,1,1,0,0,0,1,0,0,0
C0293,0,0,1,0,0,0,0,0,0,0,0,0,0,0,0,1,0,0,0,0,0,0,0,0,1,0,1,0,0,1,0,1,0,0,1,1,1,1,0,1,0,0,0,1,0,0,0,1,0,0,0,0,0,1,0,1,1,1
C0294,1,0,0,1,0,0,1,0,0,0,0,1,1,0,0,1,1,1,0,1,0,0,1,0,0,1,0,0,1,0,1,1,1,0,0,0,0,1,0,0,0,0,0,1,0,0,0,1,1,0,0,0,1,1,1,0,1,0
C0295,1,1,0,0,0,1,0,0,1,0,0,0,0,0,0,0,0,0,0,0,0,0,0,0,1,0,0,1,0,0,0,1,0,0,1,0,0,0,0,1,0,0,0,0,0,0,1,1,0,1,0,1,0,0,0,1,0,1
C0296,1,1,1,1,0,0,0,0,0,0,0,0,1,0,0,0,1,0,0,0,0,0,0,1,0,0,1,0,0,0,1,1,0,1,0,1,1,1,0,1,0,0,0,1,0,0,0,1,1,1,0,0,0,1,1,0,1,1
C0297,0,0,1,0,1,1,0,1,0,1,1,0,1,1,0,1,1,0,0,0,0,0,0,0,0,0,0,1,0,1,0,0,1,1,0,0,1,0,0,1,0,0,0,1,0,0,0,1,0,1,1,1,0,1,0,0,1,1
C0298,1,0,1,1,1,0,1,0,0,0,0,1,0,0,0,0,0,0,1,1,0,1,0,1,1,0,0,1,1,0,1,1,0,1,0,1,1,1,1,1,0,0,0,0,1,0,0,1,1,0,1,0,1,0,1,1,1,1
C0299,1,1,1,0,1,0,0,0,1,1,1,1,0,0,0,1,1,0,0,0,0,0,0,0,0,0,0,0,0,0,0,0,0,0,0,0,0,0,0,0,0,1,0,0,0,0,0,1,0,1,1,1,1,1,0,0,0,0
C0300,1,0,0,0,0,0,1,0,1,0,0,0,0,0,0,0,0,0,1,1,0,0,1,1,1,0,1,0,1,1,0,0,0,1,0,0,0,0,1,0,0,1,0,0,0,0,0,1,0,0,0,1,0,0,1,1,1,0
C0301,0,0,0,0,0,0,0,0,0,0,0,0,1,0,1,0,1,1,1,1,0,1,0,1,0,1,1,0,1,0,0,1,1,0,1,1,1,0,0,0,0,0,0,0,1,0,0,0,0,0,0,0,0,1,1,1,1,0
C0302,0,0,0,0,1,0,1,0,0,0,1,0,0,0,1,0,0,0,1,0,0,0,0,0,0,0,1,0,0,0,0,1,1,0,1,1,1,0,0,1,0,0,0,0,1,0,0,0,0,0,1,0,0,1,1,1,1,1
C0303,0,1,0,0,1,1,0,0,1,1,1,0,0,0,0,0,0,0,0,0,0,0,0,0,0,0,0,0,0,0,0,0,0,0,0,0,0,0,0,0,0,0,0,1,0,0,0,0,0,1,1,1,0,0,0,0,0,0
C0304,0,0,0,0,0,0,0,1,0,0,0,0,1,0,0,1,0,1,1,1,1,0,0,1,1,0,1,0,0,1,1,1,1,0,1,0,1,0,0,1,1,0,0,0,0,0,0,0,0,0,0,0,0,1,1,1,1,1
C0305,0,0,1,1,1,0,1,0,0,1,0,0,0,0,0,1,0,0,0,0,0,0,0,0,0,0,1,0,0,1,0,0,0,1,1,1,1,1,0,1,0,0,1,0,0,0,0,1,1,1,1,1,0,1,0,1,1,1
C0306,1,1,1,1,1,1,0,1,0,0,1,1,0,0,1,0,0,0,0,0,0,1,0,0,0,0,0,1,1,1,0,0,0,1,0,0,1,0,0,0,1,0,0,0,0,0,0,1,1,1,1,0,1,1,1,0,1,0
C0307,1,0,1,1,0,0,1,1,0,0,0,0,0,0,0,0,0,0,1,1,1,0,1,0,0,1,0,1,1,0,0,0,1,1,0,0,0,0,1,0,0,0,0,0,1,0,0,1,1,0,0,0,0,0,1,0,1,0
C0308,0,1,0,0,0,1,0,0,0,0,0,0,0,0,1,0,1,0,1,0,1,0,1,0,1,0,1,1,0,1,1,1,1,1,1,1,0,0,0,1,0,0,1,0,0,0,0,0,0,1,0,0,0,1,1,1,1,1
C0309,0,0,0,0,0,0,0,0,1,1,1,0,1,1,0,0,1,1,0,0,1,1,0,1,1,0,0,1,1,1,0,1,1,0,1,0,1,1,0,1,0,0,0,1,0,0,0,0,0,1,1,1,0,1,1,1,1,1
C0310,0,1,0,0,1,1,0,0,0,1,1,0,0,0,1,1,1,1,1,1,0,0,0,1,1,1,0,0,0,0,1,1,1,1,0,1,0,1,1,0,1,0,0,0,0,0,0,0,0,1,1,1,0,1,1,1,1,0
C0311,1,0,1,1,0,1,0,1,0,1,0,0,0,0,0,0,0,0,1,1,0,0,0,0,1,0,1,1,0,0,0,0,1,1,0,0,0,0,0,1,0,0,0,0,1,0,0,1,1,1,0,1,0,0,1,1,1,1
C0312,0,0,0,1,1,1,0,0,1,1,0,1,0,0,0,0,0,0,0,0,0,0,0,0,0,0,0,1,0,1,0,0,0,1,0,0,1,0,0,1,0,0,0,0,1,0,0,0,1,1,1,1,1,0,0,0,1,1
C0313,0,0,0,0,0,1,0,1,0,0,0,0,1,0,0,1,1,0,0,0,0,0,0,0,0,0,0,0,0,1,0,0,1,1,1,0,0,0,0,0,1,0,0,0,0,0,0,0,0,1,0,0,0,1,0,1,1,0
C0314,1,0,0,0,0,0,1,0,0,1,0,0,0,0,0,0,0,0,0,0,0,0,0,0,0,0,0,0,0,1,0,1,0,1,0,0,1,0,1,0,0,0,0,1,0,0,0,1,0,1,0,1,0,0,0,0,1,0
C0315,0,1,1,1,1,1,1,0,1,1,1,0,0,0,0,0,0,0,0,0,1,0,0,0,1,0,0,1,0,0,0,0,1,0,1,0,0,0,0,0,0,0,0,0,0,1,0,1,1,1,1,1,0,0,1,1,0,0
C0316,0,0,1,0,1,1,0,1,0,1,0,1,0,0,0,0,0,0,0,1,1,1,1,1,0,0,0,1,0,0,1,1,1,0,0,0,0,0,1,0,1,0,0,0,0,0,0,1,0,1,1,1,1,0,1,0,1,0
C0317,0,1,0,0,1,0,0,0,0,1,0,1,0,0,0,0,0,0,1,1,0,0,0,0,0,1,0,0,1,1,0,0,0,0,0,1,0,1,1,1,0,0,0,0,1,0,0,0,0,1,1,1,1,0,1,0,1,1
C0318,0,1,0,0,0,1,1,0,0,0,0,1,0,1,0,0,0,0,0,0,0,0,1,0,0,0,0,0,0,1,0,0,1,1,0,0,0,0,1,0,0,0,0,1,0,0,0,0,0,1,0,0,1,1,1,0,1,0
C0319,0,1,1,1,0,0,0,0,0,0,0,0,1,1,0,1,0,1,0,0,0,0,0,0,0,0,0,1,0,1,0,0,0,1,0,0,1,0,1,0,0,0,0,0,0,0,1,1,1,1,0,0,0,1,0,0,1,0
C0320,1,0,1,1,1,0,1,0,0,0,0,0,0,1,0,0,0,0,0,0,0,0,0,0,0,0,1,1,0,1,0,0,0,0,1,1,1,0,0,1,0,0,0,0,0,1,0,1,1,0,1,0,0,1,0,1,1,1
C0321,0,0,1,0,1,0,0,1,1,1,0,0,0,0,0,0,0,0,0,0,0,0,0,0,0,0,0,1,0,0,1,0,0,1,0,0,0,0,0,1,0,1,0,0,0,0,0,1,0,1,1,1,0,0,0,0,1,1
C0322,0,0,0,0,1,0,1,1,0,0,0,0,1,0,1,1,1,1,1,1,1,0,1,0,0,1,0,0,1,1,0,1,0,1,0,0,0,1,0,0,1,0,0,0,0,0,0,0,0,0,1,0,0,1,1,0,1,0
C0323,1,0,1,1,0,1,0,0,0,0,1,1,0,0,0,0,1,0,0,1,0,0,0,1,1,1,0,1,0,0,0,1,0,0,0,0,0,0,1,1,0,0,0,0,1,0,0,1,1,1,1,0,1,1,1,1,1,1
C0324,0,1,0,0,1,0,1,0,1,0,0,0,0,0,1,1,0,1,1,1,0,1,1,1,0,1,1,0,0,1,0,0,0,1,0,0,1,0,0,1,1,0,0,0,0,0,0,0,0,1,1,1,0,1,1,0,1,1
C0325,1,0,1,1,0,0,1,1,0,0,0,1,1,1,1,1,1,1,1,1,0,0,1,1,1,1,1,1,0,0,0,1,0,1,0,1,1,0,0,1,0,0,0,0,1,0,0,1,1,0,0,0,1,1,1,1,1,1
C0326,0,0,1,0,1,0,1,0,0,0,0,0,0,0,0,0,0,0,0,0,0,0,0,0,0,0,0,0,0,0,0,0,0,0,0,0,0,0,0,0,0,1,0,0,0,0,0,1,0,0,1,0,0,0,0,0,0,0
C0327,1,0,1,1,0,0,0,0,0,0,0,0,0,0,0,0,1,1,0,0,0,0,0,0,0,0,1,0,0,0,0,0,0,0,1,0,1,0,0,1,0,0,1,0,0,0,0,1,1,0,0,0,0,1,0,1,1,1
C0328,0,1,0,0,0,0,1,0,0,0,0,1,0,0,0,0,0,0,0,0,0,0,0,0,1,1,0,1,0,0,0,0,1,1,1,0,0,0,0,1,0,1,0,0,0,0,0,0,0,1,0,0,1,0,0,1,1,1
C0329,0,0,1,0,1,0,1,1,0,0,1,1,0,0,1,1,0,1,0,0,1,0,0,0,1,1,0,1,0,0,0,0,0,1,0,0,1,0,0,1,0,0,0,1,0,0,0,1,0,0,1,0,1,1,1,1,1,1
C0330,0,1,0,0,0,0,1,0,1,0,0,0,0,0,0,0,0,0,0,0,0,1,0,0,0,0,0,0,1,0,0,1,1,0,1,1,1,1,0,1,0,0,0,1,0,0,0,0,0,1,0,1,0,0,1,1,1,1
C0331,0,0,0,0,1,1,0,1,0,1,0,0,0,0,1,0,0,0,0,0,0,0,0,0,0,0,0,0,0,0,0,0,0,0,1,0,0,0,0,0,1,0,0,0,0,0,0,0,0,1,1,1,0,1,0,1,0,0
C0332,1,1,0,1,0,1,0,0,0,0,1,1,0,0,0,1,0,0,1,1,0,0,0,0,0,1,1,1,0,0,0,1,1,1,1,1,1,1,1,1,0,0,0,0,0,1,0,1,1,1,1,0,1,1,1,1,1,1
C0333,1,0,1,1,1,0,0,1,1,1,1,1,1,0,0,1,1,0,0,0,0,0,0,0,1,0,1,0,0,1,1,0,0,1,1,1,1,0,0,1,0,0,0,0,1,0,0,1,1,1,1,1,1,1,0,1,1,1
C0334,0,1,0,0,0,1,0,1,1,0,1,0,1,0,1,0,1,0,0,0,0,0,0,0,0,0,0,0,0,0,0,0,0,0,1,0,0,1,0,0,1,0,0,0,0,0,0,0,0,1,1,1,0,1,0,1,1,0
C0335,1,0,0,1,1,0,0,1,1,0,0,1,0,0,0,0,0,1,1,1,0,1,0,0,1,0,0,0,0,1,0,0,0,0,0,0,0,0,0,0,0,0,0,0,0,1,0,1,1,0,1,1,1,1,1,1,0,0
C0336,0,0,0,0,0,1,0,0,0,0,0,0,0,0,0,0,1,0,0,0,1,0,0,1,0,0,0,1,0,1,0,1,1,0,0,0,0,0,0,0,1,0,0,0,0,0,0,0,0,1,0,0,0,1,1,0,0,0
C0337,1,0,0,0,0,0,1,0,1,0,0,0,0,0,0,0,0,0,1,0,0,0,0,0,1,0,0,0,0,0,0,1,1,0,1,1,0,0,1,1,0,0,1,0,0,0,0,1,0,0,0,1,0,0,1,1,1,1
C0338,1,1,1,1,0,1,1,0,0,0,0,1,0,0,0,0,0,0,0,0,1,0,0,0,0,0,0,0,0,0,0,0,0,0,1,0,0,0,0,0,1,0,0,0,0,0,0,1,1,1,0,0,1,0,1,1,0,0
C0339,0,0,1,1,1,1,0,1,1,1,1,0,1,1,0,1,0,0,0,1,0,0,0,0,1,0,0,0,0,0,1,1,0,1,0,0,0,0,0,1,0,0,0,0,0,0,1,1,1,1,1,1,0,1,1,1,1,1
C0340,0,0,0,0,0,0,1,0,0,0,0,1,0,0,0,1,0,0,1,0,1,0,1,1,1,0,1,0,0,0,0,1,1,0,0,1,0,0,0,1,0,1,0,0,0,0,0,0,0,0,0,0,1,1,1,1,1,1
C0341,1,0,1,1,0,0,0,0,0,0,1,0,1,1,0,1,1,1,0,1,0,0,0,1,1,1,0,0,1,1,0,1,0,0,0,0,0,0,0,1,0,1,0,0,0,0,0,1,1,0,1,0,0,1,1,1,0,1
C0342,1,1,1,0,0,0,0,0,1,1,0,0,1,1,1,0,1,1,0,0,0,0,0,0,1,0,0,1,0,0,0,0,0,1,0,0,0,0,0,0,1,0,0,0,0,0,0,1,0,1,0,1,0,1,0,1,1,0
C0343,1,0,0,1,0,0,0,0,0,0,0,0,0,1,0,0,0,0,1,1,1,1,0,0,1,0,1,0,0,1,0,1,1,1,0,1,1,1,0,1,0,0,0,0,0,0,1,1,1,0,0,0,0,1,1,1,1,1
C0344,1,0,0,1,0,0,0,0,0,0,0,0,1,0,0,0,0,1,0,0,0,1,0,0,0,0,1,0,0,1,0,0,0,0,0,0,0,0,0,0,1,0,0,0,0,0,0,1,1,0,0,0,0,1,1,0,1,0
C0345,0,0,0,0,0,0,1,0,0,0,0,0,0,0,0,1,0,0,0,0,1,0,0,0,0,0,0,1,0,0,0,0,0,0,0,0,0,0,0,0,0,0,1,0,0,0,0,0,0,0,0,0,0,1,1,0,0,0
C0346,1,1,1,1,1,0,0,0,1,1,1,0,0,0,0,0,0,0,1,0,0,0,0,1,0,0,0,0,0,0,1,0,0,0,1,0,1,0,0,1,0,0,1,0,0,0,0,1,1,1,1,1,0,0,1,1,1,1
C0347,1,0,1,1,1,1,0,1,0,1,0,1,0,0,0,0,1,0,1,0,0,0,0,0,0,1,0,0,0,0,1,1,0,1,0,0,0,0,0,0,0,0,0,0,1,0,0,1,1,1,1,1,1,1,1,0,1,0
C0348,0,0,1,1,0,0,0,1,1,0,0,1,1,0,1,1,0,0,0,0,0,0,1,0,0,0,0,0,0,0,0,0,0,0,0,0,0,0,0,0,1,0,0,0,0,0,0,1,1,0,0,1,1,1,1,0,0,0
C0349,0,0,0,0,0,1,0,1,0,0,0,0,0,0,0,0,0,0,1,0,0,1,0,0,1,1,1,1,1,1,0,1,1,0,0,1,1,0,0,1,0,0,0,0,1,0,0,0,0,1,0,0,0,0,1,1,1,1
C0350,1,1,0,0,0,0,0,0,0,1,0,1,0,0,0,0,0,0,0,0,0,0,0,0,0,0,0,1,0,1,0,0,0,1,0,0,0,0,0,0,1,0,0,0,0,0,0,1,0,1,0,1,1,0,0,0,1,0
C0351,1,0,0,1,0,0,1,1,1,1,0,0,0,0,0,1,0,0,0,0,1,0,0,0,0,0,1,0,1,1,1,0,0,1,0,0,1,0,1,1,0,1,0,0,0,0,0,1,1,1,0,1,0,1,1,0,1,1
C0352,1,1,0,1,1,1,0,1,0,1,0,0,0,0,0,0,0,0,1,0,0,0,0,1,1,0,0,1,0,0,1,1,1,0,1,0,0,0,0,0,0,0,0,0,0,1,0,1,1,1,1,1,0,0,1,1,0,0
C0353,1,0,0,0,0,1,1,1,0,0,0,0,0,0,0,0,0,0,0,0,0,0,0,0,1,0,1,0,0,1,0,0,0,1,1,1,1,0,0,1,0,0,0,1,0,0,0,1,0,1,0,0,0,0,0,1,1,1
C0354,0,1,1,1,0,0,1,0,1,1,0,0,0,1,0,0,1,0,0,0,0,0,0,1,0,1,1,1,0,0,0,0,0,1,0,0,0,0,1,1,1,0,0,0,0,0,0,1,1,1,0,1,0,1,1,0,1,1
C0355,0,1,1,0,0,1,0,0,0,1,0,0,0,0,0,1,0,0,1,1,0,0,0,0,0,1,0,0,1,1,0,0,1,1,0,0,1,0,0,0,0,0,0,0,1,0,0,1,0,1,0,1,0,1,1,0,1,0
C0356,0,1,0,1,0,1,1,0,0,1,0,0,0,0,0,1,0,0,0,1,0,0,0,0,0,0,0,0,0,1,0,0,0,1,1,1,1,0,1,1,0,0,1,0,0,0,0,0,1,1,0,1,0,1,1,1,1,1
C0357,1,1,0,0,1,0,0,0,1,0,1,0,1,0,1,1,0,1,0,1,1,0,0,0,1,1,1,0,1,1,1,1,0,1,0,0,0,0,0,0,0,0,0,1,0,0,0,1,0,1,1,1,0,1,1,1,1,0
C0358,0,1,1,0,0,0,0,0,0,0,0,0,1,0,0,1,0,1,1,1,1,1,0,0,1,1,0,1,0,0,1,1,0,0,1,0,0,0,0,0,0,0,0,1,0,0,0,1,0,1,0,0,0,1,1,1,0,0
C0359,0,1,0,0,1,1,1,1,0,1,1,0,0,0,0,0,0,0,1,1,0,0,1,0,1,1,1,0,1,0,1,1,0,0,1,0,0,0,0,0,1,0,0,0,0,0,0,0,0,1,1,1,0,0,1,1,1,0
C0360,1,0,0,1,0,0,1,1,0,1,1,1,1,0,0,1,1,0,1,0,1,0,1,0,1,0,1,1,0,1,1,1,0,0,1,0,0,0,0,0,0,0,0,0,1,0,0,1,1,1,1,1,1,1,1,1,1,0
C0361,1,0,1,0,1,0,0,0,1,0,1,1,0,1,0,0,0,1,1,1,0,0,1,1,1,1,1,0,1,0,0,0,1,0,0,1,0,0,1,1,0,0,0,1,0,0,0,1,0,0,1,1,1,1,1,1,1,1
C0362,1,0,1,1,1,1,0,1,0,1,1,1,0,0,0,1,0,0,1,1,1,0,1,0,0,1,0,0,0,0,0,1,0,0,0,0,0,0,1,0,0,1,0,0,0,0,0,1,1,1,1,1,1,1,1,0,1,0
C0363,0,1,0,0,0,0,1,0,1,1,1,0,0,0,0,0,1,0,0,1,1,1,0,1,1,0,0,0,1,1,0,0,0,0,1,0,0,0,0,1,0,0,1,0,0,0,0,0,0,1,1,1,0,1,1,1,0,1
C0364,0,1,1,1,1,0,1,0,0,0,0,0,0,0,1,0,0,0,0,0,0,0,0,0,0,0,0,0,0,0,0,0,0,0,0,0,0,0,0,0,1,0,0,0,0,0,0,1,1,1,1,0,0,1,0,0,0,0
C0365,1,0,1,0,1,0,0,1,0,0,1,0,0,0,1,1,1,1,1,0,1,1,1,0,1,0,1,0,0,1,0,0,0,1,1,0,1,0,0,1,0,0,0,1,0,0,0,1,0,0,1,0,0,1,1,1,1,1
C0366,0,0,1,0,1,0,0,1,0,0,0,0,0,1,0,1,0,0,1,1,0,0,0,0,0,1,0,0,1,1,1,0,0,1,0,0,0,0,1,0,0,0,0,0,1,0,0,1,0,0,1,0,0,1,1,0,1,0
C0367,0,1,1,0,0,0,1,0,0,1,0,0,0,0,0,0,0,0,0,1,0,0,1,1,1,0,0,0,0,1,1,1,0,0,1,1,1,0,1,0,0,0,1,0,0,0,0,1,0,1,0,1,0,0,1,1,1,0
C0368,0,1,1,0,0,0,1,0,0,0,1,1,0,0,0,1,0,1,0,0,0,0,0,0,1,0,1,0,0,0,0,0,0,0,1,0,1,0,0,1,0,0,0,0,1,0,0,1,0,1,1,0,1,1,0,1,1,1
C0369,0,0,0,0,0,0,1,0,0,0,0,1,0,1,1,0,1,1,0,0,0,0,0,0,0,0,1,0,0,0,0,1,0,0,0,0,0,0,1,0,0,0,0,1,0,0,0,0,0,0,0,0,1,1,0,0,1,0
C0370,1,0,1,1,0,1,1,1,0,1,0,0,0,0,0,0,0,0,1,1,0,0,0,1,0,0,1,0,1,1,0,0,0,1,0,0,0,0,0,0,0,1,0,0,0,0,0,1,1,1,0,1,0,0,1,0,1,0
C0371,1,1,1,1,0,0,0,0,0,1,0,0,0,0,0,0,0,0,1,1,0,1,1,0,0,0,0,1,1,1,1,1,0,0,0,0,0,0,0,0,0,1,0,0,0,0,0,1,1,1,0,1,0,0,1,0,0,0
C0372,0,1,0,0,0,0,1,0,0,1,0,1,0,1,0,0,0,0,1,0,0,0,0,0,1,1,0,0,0,0,0,1,0,0,0,1,1,1,1,1,0,0,1,0,0,0,0,0,0,1,0,1,1,1,1,1,1,1
C0373,1,0,1,0,0,0,1,0,0,0,0,0,0,0,1,0,0,0,0,0,0,0,0,0,0,0,0,0,0,0,0,0,0,0,0,1,0,0,0,0,0,0,0,0,1,0,0,1,0,0,0,0,0,1,0,0,1,0
C0374,0,1,1,0,0,1,0,1,0,1,0,0,0,0,0,0,0,0,0,0,0,0,1,0,1,0,0,1,0,0,0,0,0,0,1,1,0,0,0,0,0,1,0,0,0,0,0,1,0,1,0,1,0,0,1,1,1,0
C0375,0,0,0,0,0,1,1,0,0,1,0,1,0,0,0,0,0,0,0,1,0,0,0,0,0,1,0,0,1,1,0,0,0,0,0,0,0,0,1,0,0,0,0,0,0,0,1,0,0,1,0,1,1,0,1,0,1,0
C0376,1,0,1,0,0,0,1,0,0,0,0,1,0,0,0,0,0,0,1,1,1,1,0,0,0,0,0,1,0,0,1,1,1,0,0,0,0,0,1,0,0,1,0,0,0,0,0,1,0,0,0,0,1,0,1,0,1,0
C0377,0,1,1,1,0,0,0,1,0,0,1,0,0,0,0,0,0,0,1,0,0,0,1,0,1,0,0,0,0,0,1,1,1,0,0,0,0,1,0,0,0,0,0,0,1,0,0,1,1,1,1,0,0,0,1,1,1,0
C0378,1,0,1,1,0,0,0,0,1,0,0,0,0,0,0,0,0,0,1,1,0,0,0,0,1,0,0,1,0,0,0,1,0,0,0,1,0,0,1,1,0,1,0,0,0,0,0,1,1,0,0,1,0,0,1,1,1,1
C0379,1,0,0,1,0,0,1,0,0,0,0,0,0,0,0,0,0,0,0,1,0,0,0,0,0,1,0,0,1,0,1,1,0,0,0,0,0,0,0,0,0,0,1,0,0,0,0,1,1,0,0,0,0,0,1,0,0,0
C0380,1,0,1,1,0,0,0,1,1,0,0,1,0,0,0,0,0,0,1,1,0,1,0,1,0,0,0,1,1,0,0,0,1,0,0,0,0,0,1,0,1,0,0,0,0,0,0,1,1,0,0,1,1,0,1,0,1,0
C0381,0,0,1,1,0,0,0,0,0,0,0,0,1,0,0,0,0,1,1,1,1,0,0,0,1,1,1,0,0,1,1,1,0,0,1,0,1,0,1,0,0,0,0,0,1,0,0,1,1,0,0,0,0,1,1,1,1,0
C0382,1,1,0,1,1,0,1,0,0,1,0,0,0,0,1,0,0,0,0,0,0,0,0,0,0,0,0,0,0,0,0,1,0,1,0,0,0,0,0,0,1,0,0,0,0,0,0,1,1,1,1,1,0,1,0,0,1,0
C0383,1,0,0,0,1,0,0,1,0,1,0,1,0,0,1,0,1,1,0,1,0,1,0,0,1,0,0,1,1,0,0,1,0,0,0,1,0,0,0,0,0,1,0,0,0,0,0,1,0,1,1,1,1,1,1,1,1,0
C0384,1,0,0,1,0,0,1,0,0,0,0,0,0,0,0,0,0,0,0,1,0,0,0,1,0,0,0,0,0,0,1,1,0,0,0,1,0,0,0,0,1,0,0,0,0,0,0,1,1,0,0,0,0,0,1,0,1,0
C0385,1,0,0,1,1,0,0,0,1,0,1,1,0,0,0,0,0,1,0,0,0,0,0,0,0,0,0,0,0,0,1,0,0,0,0,0,0,0,0,0,0,0,0,0,0,0,1,1,1,0,1,1,1,1,0,0,0,0
C0386,1,0,0,1,0,1,0,0,0,1,0,0,0,0,1,0,0,0,0,1,0,0,0,0,0,0,1,0,0,1,0,0,0,1,0,1,1,0,0,1,0,1,0,0,0,0,0,1,1,1,0,1,0,1,1,0,1,1
C0387,0,0,0,0,0,0,1,0,0,0,0,0,0,0,0,0,0,0,1,0,0,1,1,1,1,1,0,1,0,0,0,1,0,0,1,0,0,0,0,1,0,1,0,0,0,0,0,0,0,0,0,0,0,0,1,1,0,1
C0388,1,0,0,0,1,0,0,0,1,1,0,0,0,0,0,0,0,0,1,0,0,0,0,0,0,1,0,0,0,0,0,1,1,0,1,1,0,0,0,1,1,0,0,0,0,0,0,1,0,1,1,1,0,0,1,1,1,1
C0389,0,1,0,1,0,0,0,0,0,0,0,0,1,1,0,1,0,0,1,1,1,0,1,0,1,0,0,1,0,0,0,1,0,0,1,0,0,0,0,0,0,1,0,0,0,0,0,0,1,1,0,0,0,1,1,1,0,0
C0390,1,0,1,1,0,0,1,0,1,0,0,0,1,0,1,0,0,0,1,1,0,0,0,1,1,1,0,0,1,0,1,0,1,0,1,0,0,0,0,1,1,0,0,0,0,0,0,1,1,0,0,1,0,1,1,1,0,1
C0391,1,1,0,1,0,1,1,0,0,0,1,0,1,1,1,0,0,1,1,0,1,1,0,0,1,1,1,1,0,0,1,0,0,0,1,1,1,0,1,0,0,1,0,0,0,0,0,1,1,1,1,0,0,1,1,1,1,0
C0392,1,0,0,0,0,0,0,0,0,0,0,1,0,1,1,1,1,0,0,0,0,0,0,0,1,1,0,1,0,0,0,0,0,1,0,0,0,0,0,0,1,0,0,0,0,0,0,1,0,0,0,0,1,1,0,1,1,0
C0393,0,1,0,0,0,0,0,1,0,0,0,0,0,0,0,0,0,0,0,0,0,0,0,0,0,0,1,0,0,0,1,0,0,0,0,0,0,0,0,0,0,0,1,0,0,0,0,0,0,1,0,0,0,0,0,0,1,0
C0394,0,0,0,0,0,0,0,1,0,0,0,0,0,1,0,0,0,0,0,0,1,1,1,0,1,0,1,0,0,0,1,0,0,0,0,0,0,0,0,1,0,0,0,1,0,0,0,0,0,0,0,0,0,1,1,1,1,1
C0395,0,0,1,0,0,0,0,0,0,0,0,1,0,0,0,0,1,0,1,0,0,1,0,1,1,0,1,1,0,0,0,0,0,1,1,0,0,0,1,1,0,1,0,0,0,0,0,1,0,0,0,0,1,1,1,1,1,1
C0396,0,0,0,0,1,0,0,0,0,0,0,0,0,0,0,0,0,0,0,0,0,1,0,1,1,0,1,1,1,0,1,1,0,0,1,0,0,0,0,0,0,1,0,0,0,0,0,0,0,0,1,0,0,0,1,1,1,0
C0397,1,0,1,1,0,0,0,0,1,1,0,0,0,0,0,0,1,0,1,1,0,1,1,1,1,0,1,1,0,0,0,1,0,0,0,0,1,0,1,1,0,0,1,0,0,0,0,1,1,1,0,1,0,1,1,1,1,1
C0398,0,0,0,0,0,0,1,0,1,0,0,0,0,0,0,0,0,0,1,0,0,0,0,0,0,0,0,0,0,1,0,1,0,1,1,1,1,0,0,0,0,0,1,0,0,0,0,0,0,0,0,1,0,0,1,1,1,0
C0399,1,0,1,0,1,0,0,0,0,0,1,0,0,1,0,0,0,0,0,0,0,0,0,1,0,1,1,0,0,0,0,0,0,1,0,0,0,1,0,1,0,1,0,0,0,0,0,1,0,0,1,0,0,1,1,0,1,1
C0400,0,0,0,0,0,1,1,1,0,1,1,0,0,0,0,0,0,1,0,1,0,0,0,0,0,1,1,0,0,1,0,1,1,0,0,0,0,0,0,0,1,0,0,0,0,0,0,0,0,1,1,1,0,1,1,0,1,0
C0401,0,0,0,0,1,0,0,1,0,1,1,1,1,0,0,1,0,0,0,0,0,1,0,0,0,0,0,0,0,1,0,0,0,1,1,1,1,1,0,0,0,0,0,0,1,0,0,0,0,1,1,1,1,1,1,1,1,0
C0402,1,0,1,0,1,0,0,0,0,0,0,0,1,1,0,1,1,0,1,1,0,0,1,1,0,0,1,0,1,0,0,1,0,1,1,1,0,1,0,0,0,0,0,0,1,0,0,1,0,0,1,0,0,1,1,1,1,0
C0403,1,0,1,1,0,0,0,1,0,0,0,0,0,0,1,0,0,0,0,0,0,1,0,0,0,0,1,0,0,0,0,0,0,1,0,0,1,1,0,1,0,0,0,1,0,0,0,1,1,0,0,0,0,1,1,0,1,1
C0404,0,1,1,0,1,1,1,0,0,0,1,1,0,1,1,1,1,1,1,1,1,0,1,1,1,1,1,0,0,0,1,1,0,1,0,0,1,0,0,0,0,0,1,0,0,0,0,1,0,1,1,0,1,1,1,1,1,0
C0405,0,0,0,0,0,0,0,0,0,0,0,0,0,0,1,0,0,0,0,0,0,0,1,0,0,1,1,0,0,0,0,0,0,1,0,0,0,0,0,0,0,0,0,1,0,0,0,0,0,0,0,0,0,1,1,0,1,0
C0406,0,1,1,1,0,0,0,1,1,1,1,0,0,0,0,1,1,1,0,0,0,0,0,0,1,0,1,0,0,1,0,0,0,1,0,0,1,1,0,1,0,0,0,0,0,0,1,1,1,1,1,1,0,1,0,1,1,1
C0407,1,1,1,0,0,0,0,1,1,0,0,1,1,1,1,1,1,1,1,0,0,0,1,0,0,1,0,1,0,0,0,1,1,0,0,0,0,0,0,0,1,0,0,0,0,0,0,1,0,1,0,1,1,1,1,0,0,0
C0408,0,1,1,0,0,0,1,0,1,0,0,1,0,0,0,0,0,0,1,1,0,0,0,1,1,0,0,0,1,1,0,1,0,1,0,0,0,0,0,0,1,0,0,0,0,0,0,1,0,1,0,1,1,0,1,1,1,0
C0409,1,0,1,1,0,0,0,0,0,0,1,0,1,0,0,0,0,0,0,0,0,0,0,0,0,0,0,1,1,0,0,0,0,0,0,0,0,0,0,0,0,1,0,0,0,0,0,1,1,0,1,0,0,1,0,0,0,0
C0410,0,0,1,0,1,0,0,0,0,0,0,0,0,0,0,0,0,0,0,1,0,0,0,0,0,0,1,0,1,0,1,0,1,1,0,0,1,1,0,1,0,1,0,0,0,0,0,1,0,0,1,0,0,0,1,0,1,1
C0411,1,0,0,0,0,1,1,0,0,0,0,0,1,1,0,0,0,0,0,1,0,1,0,1,0,0,0,0,0,0,1,1,1,0,0,0,0,1,0,1,0,0,1,0,0,0,0,1,0,1,0,0,0,1,1,0,1,1
C0412,1,0,0,1,1,1,0,0,0,1,0,1,1,0,1,0,0,0,0,0,0,0,0,0,0,1,1,0,0,1,0,0,0,1,0,1,0,0,0,1,0,0,0,0,0,1,0,1,1,1,1,1,1,1,0,0,1,1
C0413,0,0,1,0,0,1,0,0,0,1,0,0,0,1,0,0,0,0,0,1,0,0,1,0,0,1,0,0,0,0,0,1,1,0,1,0,0,0,0,0,0,0,0,1,0,0,0,1,0,1,0,1,0,1,1,1,0,0
C0414,1,0,1,1,1,0,0,0,0,0,0,0,0,0,1,0,0,0,0,0,0,0,0,0,0,0,0,0,1,0,0,0,0,0,0,0,0,0,0,0,0,0,0,0,1,0,0,1,1,0,1,0,0,1,0,0,0,0
C0415,1,1,1,0,1,1,0,1,1,1,1,0,0,0,0,0,0,0,0,0,0,0,0,0,0,0,1,0,0,1,0,0,0,1,0,0,1,0,0,1,0,0,0,0,1,0,0,1,0,1,1,1,0,0,0,0,1,1
C0416,0,0,1,1,1,0,1,0,1,0,1,0,0,0,1,1,1,1,1,1,1,0,1,1,1,1,0,1,1,0,0,1,1,1,1,1,1,0,0,1,0,0,0,1,0,0,0,1,1,0,1,1,0,1,1,1,1,1
C0417,1,1,0,0,1,1,1,1,0,0,1,0,0,0,0,0,0,0,1,1,0,0,0,0,0,0,1,0,1,1,1,0,1,0,0,1,1,1,0,0,0,0,0,1,0,0,0,1,0,1,1,0,0,0,1,0,1,0
C0418,0,0,1,1,0,0,1,1,0,1,0,1,0,0,0,0,1,0,1,1,0,1,0,1,1,1,1,0,0,0,1,0,1,0,1,0,1,0,0,1,0,0,0,0,0,1,0,1,1,1,0,1,1,1,1,1,1,1
C0419,0,0,0,0,1,0,0,1,0,0,1,1,0,1,1,1,0,0,1,0,0,0,0,0,1,0,0,0,0,0,0,1,0,1,0,0,0,0,1,0,1,0,0,0,0,0,0,0,0,0,1,0,1,1,1,1,1,0
C0420,1,1,1,1,1,0,0,1,0,0,1,0,0,1,0,0,0,0,1,0,0,0,0,1,1,1,0,1,0,0,0,1,0,0,0,0,0,0,1,0,0,0,1,0,0,0,0,1,1,1,1,0,0,1,1,1,1,0
C0421,1,1,1,0,0,0,1,0,1,0,1,0,0,0,0,0,0,0,1,1,0,1,1,0,1,1,0,1,1,1,1,1,1,0,1,0,1,0,0,0,0,1,0,0,0,0,0,1,0,1,1,1,0,0,1,1,1,0
C0422,0,0,1,0,0,1,1,0,0,1,0,0,0,0,0,0,0,0,0,1,1,1,1,1,1,1,0,0,0,1,1,0,0,0,1,1,0,0,0,0,0,1,0,0,0,0,0,1,0,1,0,1,0,0,1,1,1,0
C0423,0,1,1,0,1,0,0,0,0,1,0,1,0,1,1,0,1,1,0,0,0,0,0,0,0,0,0,1,0,0,0,0,0,0,0,0,0,0,0,0,0,1,0,0,0,0,0,1,0,1,1,1,1,1,0,0,0,0
C0424,1,0,1,1,0,1,1,0,0,0,0,0,1,1,0,0,1,0,1,0,1,0,0,1,0,1,1,1,0,0,1,1,1,0,0,0,1,0,1,1,0,0,1,0,0,0,0,1,1,1,0,0,0,1,1,0,1,1
C0425,0,0,1,1,1,0,0,0,1,0,0,0,0,0,0,0,0,0,0,0,0,0,0,0,0,0,0,0,0,0,0,1,0,0,1,0,1,0,1,0,0,1,0,0,0,0,0,1,1,0,1,1,0,0,0,1,1,0
C0426,1,1,1,0,0,1,0,1,1,1,0,0,0,1,0,0,1,1,0,0,1,0,0,0,0,1,0,0,0,0,1,0,1,1,1,0,0,1,1,1,0,0,1,0,0,0,0,1,0,1,0,1,0,1,1,1,1,1
C0427,1,1,0,1,1,1,0,1,0,1,1,1,0,1,0,0,1,0,1,1,0,0,0,1,1,1,0,1,0,1,1,1,0,1,1,0,0,0,0,0,0,1,0,0,0,0,0,1,1,1,1,1,1,1,1,1,1,0
C0428,1,0,1,1,1,0,1,0,0,0,0,0,1,1,1,1,0,1,0,1,0,0,0,0,1,0,0,0,0,1,0,1,0,0,0,0,0,0,0,0,0,1,0,0,0,0,0,1,1,0,1,0,0,1,1,1,0,0
C0429,1,1,1,1,0,1,0,0,0,1,0,0,1,0,0,0,1,1,0,0,0,0,1,0,0,0,0,0,0,0,0,0,0,1,0,0,0,0,0,0,1,0,0,0,0,0,0,1,1,1,0,1,0,1,1,0,1,0
C0430,1,0,1,1,0,0,0,0,0,0,0,0,0,1,1,0,0,0,1,1,1,0,1,0,0,0,0,0,0,1,0,1,0,1,1,0,0,0,0,0,1,0,0,0,0,0,0,1,1,0,0,0,0,1,1,1,1,0
C0431,1,0,1,1,1,0,0,0,0,1,1,0,0,0,0,0,0,0,0,1,0,0,0,0,0,0,0,1,0,0,0,0,0,0,0,0,1,0,0,0,0,0,1,0,0,0,0,1,1,1,1,1,0,0,1,0,1,0
C0432,1,1,0,0,0,1,1,1,0,0,0,1,0,0,0,0,0,0,0,1,0,0,0,0,0,0,1,0,1,1,0,1,0,0,0,0,1,0,0,0,0,0,1,0,0,0,0,1,0,1,0,0,1,0,1,0,1,0
C0433,0,1,1,1,0,0,1,1,0,1,0,1,0,1,1,1,1,0,0,1,0,0,0,0,0,0,0,0,0,1,0,0,1,1,0,0,0,0,0,0,1,0,0,0,0,0,0,1,1,1,0,1,1,1,1,0,1,0
C0434,0,1,1,1,1,1,1,1,0,0,0,0,0,0,0,0,0,0,0,1,0,0,1,0,0,1,1,1,0,1,0,0,0,0,0,0,1,1,0,0,0,1,0,0,0,0,0,1,1,1,1,0,0,0,1,0,1,0
C0435,1,1,0,1,0,1,1,1,0,0,1,0,0,0,0,1,0,0,1,0,0,0,0,0,1,0,0,1,0,0,0,1,0,0,0,0,0,0,1,1,0,1,0,0,0,0,0,1,1,1,1,0,0,1,1,1,1,1
C0436,0,0,0,0,0,1,1,0,0,0,1,0,0,1,0,1,0,0,0,1,0,0,0,0,0,0,1,0,0,0,0,1,0,0,0,1,1,0,0,1,0,0,0,0,0,1,0,0,0,1,1,0,0,1,1,0,1,1
C0437,0,0,1,1,1,1,0,1,0,1,1,0,0,1,0,0,0,0,1,0,1,0,0,0,0,0,0,0,0,1,1,0,0,1,0,0,1,0,0,0,0,0,0,1,0,0,0,1,1,1,1,1,0,1,1,0,1,0
C0438,0,1,1,1,0,1,0,0,0,0,0,0,0,0,0,0,0,0,0,0,0,1,0,1,1,0,1,0,1,0,0,1,1,0,1,0,1,0,0,0,0,0,0,1,0,0,0,1,1,1,0,0,0,0,1,1,1,0
C0439,0,1,1,0,1,1,1,1,0,0,1,0,0,0,1,0,0,0,0,0,0,0,0,1,1,0,1,1,0,1,0,0,0,1,1,1,1,0,0,0,0,0,0,1,0,0,0,1,0,1,1,0,0,1,1,1,1,0
C0440,1,0,1,0,0,0,0,0,0,1,0,0,0,0,0,0,0,0,1,0,0,0,1,0,0,0,0,0,0,0,0,0,0,0,0,0,1,0,0,1,1,0,0,0,0,0,0,1,0,1,0,1,0,0,1,0,1,1
C0441,1,0,1,0,1,0,0,1,1,1,0,0,0,1,1,0,1,1,0,0,0,1,0,0,1,0,0,1,0,1,0,0,0,1,1,0,1,1,1,0,0,0,1,0,0,0,0,1,0,1,1,1,0,1,1,1,1,0
C0442,0,0,0,0,0,1,0,1,0,1,0,0,0,0,0,1,1,0,0,0,0,0,0,0,1,0,0,1,1,0,0,0,0,0,0,0,0,0,0,1,0,1,0,0,0,0,0,0,0,1,0,1,0,1,0,1,0,1
C0443,0,0,0,0,1,0,0,0,0,1,0,0,0,0,0,0,0,0,0,0,0,0,0,0,0,0,0,0,0,1,0,0,0,1,0,1,0,1,1,1,0,0,0,1,0,0,0,0,0,1,1,1,0,0,0,0,1,1
C0444,1,1,1,0,0,1,0,1,0,0,1,1,0,0,0,0,0,0,1,1,1,1,0,1,1,1,0,1,1,0,1,0,0,1,1,0,0,0,1,0,0,0,1,0,0,0,0,1,0,1,1,0,1,0,1,1,1,0
C0445,0,1,0,0,1,1,0,0,0,1,1,0,0,0,1,1,1,1,0,1,0,0,0,0,1,1,1,1,0,1,0,0,1,1,0,1,1,1,0,1,1,0,0,0,0,0,0,0,0,1,1,1,0,1,1,1,1,1
C0446,1,0,1,1,0,1,1,0,0,0,0,0,0,1,1,0,0,0,0,1,0,0,0,1,0,1,1,0,0,0,0,1,0,1,0,0,1,1,0,1,0,0,0,0,1,0,0,1,1,1,0,0,0,1,1,0,1,1
C0447,0,0,0,0,1,0,1,0,0,1,0,1,0,0,0,0,0,0,0,1,0,0,1,1,0,0,1,0,0,0,0,1,0,0,1,1,1,1,0,1,0,0,0,0,1,0,0,0,0,1,1,1,1,0,1,1,1,1
C0448,0,1,0,0,0,0,0,1,1,0,0,0,0,1,0,1,1,1,0,0,1,1,0,1,1,0,0,1,0,1,1,0,0,0,1,0,0,0,0,0,0,0,0,0,1,0,0,0,0,1,0,1,0,1,1,1,0,0
C0449,1,0,0,0,1,0,1,0,1,1,1,0,0,0,0,0,1,0,0,0,1,1,0,1,0,0,0,0,0,0,0,1,0,0,0,0,0,0,0,0,0,0,1,0,0,0,0,1,0,1,1,1,0,1,1,0,0,0
C0450,1,0,1,1,0,0,1,1,0,0,0,0,0,0,0,0,1,0,0,0,0,0,0,0,0,0,0,0,0,0,0,0,0,1,0,0,1,1,0,1,0,0,0,0,0,0,1,1,1,0,0,0,0,1,0,0,1,1
C0451,0,1,0,0,0,0,0,0,1,0,0,0,0,0,0,0,0,0,1,1,0,0,0,0,1,0,1,1,0,0,1,0,0,1,1,1,0,0,1,0,0,0,0,1,0,0,0,0,0,1,0,1,0,0,1,1,1,0
C0452,1,1,1,1,0,1,0,1,0,1,1,0,0,0,0,1,0,1,0,0,0,0,1,0,0,0,0,1,0,0,0,0,0,0,1,0,1,0,0,0,1,0,0,0,0,0,0,1,1,1,1,1,0,1,1,1,1,0
C0453,1,0,1,1,1,1,0,0,1,0,0,1,0,0,0,0,0,0,0,1,0,0,0,0,0,1,0,1,1,0,0,1,0,1,1,0,0,0,1,0,0,1,0,0,0,0,0,1,1,1,1,1,1,0,1,1,1,0
C0454,0,0,0,1,0,0,0,0,0,0,0,0,0,0,0,0,1,0,1,1,0,1,0,1,1,0,0,1,0,1,1,1,1,0,0,1,0,0,1,0,1,0,0,0,0,0,0,0,1,0,0,0,0,1,1,1,1,0
C0455,0,0,0,0,1,0,0,1,1,0,0,1,1,1,0,0,1,1,1,1,1,0,0,1,1,1,0,0,1,0,0,0,0,1,1,0,0,0,0,0,0,0,1,0,0,0,0,0,0,0,1,1,1,1,1,1,1,0
C0456,0,0,0,1,0,0,1,0,0,0,0,0,0,0,0,0,0,0,1,1,1,1,1,1,0,0,1,1,1,1,0,1,1,1,0,0,0,0,1,0,0,0,1,0,0,0,0,0,1,0,0,0,0,0,1,0,1,0
C0457,1,0,1,1,0,0,0,0,1,0,0,0,0,0,0,0,0,0,1,0,0,0,0,1,0,1,0,0,0,0,0,1,0,1,0,0,0,0,0,0,0,0,1,0,0,0,0,1,1,0,0,1,0,0,1,0,1,0
C0458,1,1,1,1,0,1,1,0,0,1,0,0,0,0,0,0,0,0,0,1,0,0,1,1,1,1,0,1,0,1,0,1,0,0,0,0,0,0,0,1,0,0,1,0,0,0,0,1,1,1,0,1,0,0,1,1,0,1
C0459,0,0,1,1,0,0,0,0,0,0,0,1,0,0,0,0,0,0,0,0,0,0,0,0,0,0,0,1,0,0,0,0,0,0,0,1,0,1,0,0,0,0,1,0,0,0,0,1,1,0,0,0,1,0,0,0,1,0
C0460,0,1,1,1,0,0,1,0,1,0,1,0,0,0,0,0,0,0,1,1,0,0,0,1,0,0,0,1,1,1,1,1,0,0,0,0,0,0,0,0,0,0,0,0,1,0,0,1,1,1,1,1,0,0,1,0,0,0
C0461,1,0,1,0,0,0,0,0,1,1,1,0,0,1,0,0,0,0,0,1,0,0,0,0,1,1,0,1,0,0,0,0,0,1,0,0,0,0,0,0,0,0,0,0,1,0,0,1,0,1,1,1,0,1,1,1,1,0
C0462,0,1,0,0,0,1,0,1,0,0,1,0,0,1,0,0,0,0,0,0,0,0,0,1,0,0,0,0,0,0,0,1,0,1,0,0,0,0,0,0,0,1,0,0,0,0,0,0,0,1,1,0,0,1,1,0,1,0
C0463,0,1,0,1,0,0,1,0,1,0,1,0,0,0,0,0,0,1,0,0,0,0,0,0,0,1,1,0,0,1,0,0,0,0,0,0,0,1,0,1,0,0,1,0,0,0,0,0,1,1,1,1,0,1,0,0,1,1
C0464,1,0,1,1,0,0,0,0,0,1,1,0,0,0,0,0,0,0,1,0,0,0,0,0,0,1,1,0,0,0,0,1,1,1,0,1,1,1,0,1,0,0,0,0,1,0,0,1,1,1,1,1,0,0,1,0,1,1
C0465,1,0,1,1,0,1,1,1,1,1,1,1,1,0,0,1,1,0,1,0,1,1,1,1,1,1,0,1,0,0,1,0,1,1,1,0,0,0,1,0,0,1,0,0,0,0,0,1,1,1,1,1,1,1,1,1,1,0
C0466,1,0,1,0,1,0,1,1,0,1,0,0,1,0,0,0,1,1,0,1,0,0,0,1,0,1,0,0,0,0,1,0,0,0,0,0,1,0,0,1,0,0,0,0,0,0,1,1,0,1,1,1,0,1,1,0,1,1
C0467,1,0,1,1,1,0,0,1,1,1,1,1,0,0,0,0,0,0,1,0,1,1,1,1,1,1,0,0,0,1,1,1,1,1,0,0,1,1,0,1,0,0,0,0,1,0,0,1,1,1,1,1,1,0,1,1,1,1
C0468,0,0,0,0,1,0,0,0,1,1,0,1,0,0,0,0,0,0,0,0,0,0,0,0,1,0,0,1,0,0,0,0,0,0,0,0,0,0,0,0,0,0,0,1,0,0,0,0,0,1,1,1,1,0,0,1,0,0
C0469,0,0,0,1,1,0,1,0,0,0,0,0,0,0,0,0,0,0,1,1,0,1,0,1,1,1,1,0,0,0,0,0,1,1,0,0,1,1,0,1,0,0,1,0,0,0,0,0,1,0,1,0,0,0,1,1,1,1
C0470,1,0,1,1,1,1,0,0,0,1,1,0,0,1,0,0,0,0,0,0,0,0,0,0,0,0,0,0,0,1,0,0,0,1,0,0,0,0,0,1,0,0,0,1,0,0,0,1,1,1,1,1,0,1,0,0,1,1
C0471,0,0,0,0,0,0,1,0,0,0,0,1,0,1,0,0,1,0,0,1,1,0,0,1,1,1,0,1,0,0,0,1,0,1,1,1,0,0,1,0,0,0,0,0,1,0,0,0,0,0,0,0,1,1,1,1,1,0
C0472,1,0,0,0,0,0,1,1,0,1,0,1,0,0,0,0,1,1,1,0,0,0,1,1,0,0,0,0,0,0,0,1,1,0,1,1,0,0,1,0,0,0,0,0,1,0,0,1,0,1,0,1,1,1,1,1,1,0
C0473,1,0,1,1,0,0,1,0,1,0,0,0,1,0,1,0,1,1,0,0,0,0,0,0,0,0,0,0,0,1,0,0,0,0,0,0,1,0,0,1,0,1,0,0,0,0,0,1,1,0,0,1,0,1,0,0,1,1
C0474,0,1,1,0,1,1,0,0,0,1,0,0,1,1,1,0,1,1,1,1,1,0,0,0,1,1,0,1,0,0,0,0,0,0,1,0,1,1,0,0,0,0,0,1,0,0,0,1,0,1,1,1,0,1,1,1,1,0
C0475,0,0,0,1,1,0,0,0,0,0,0,0,0,1,0,0,1,0,1,0,0,0,1,1,1,0,0,0,0,1,0,0,1,0,0,0,0,1,1,0,0,1,0,0,0,0,0,0,1,0,1,0,0,1,1,1,1,0
C0476,1,0,1,1,1,0,0,1,1,0,0,1,0,1,0,0,0,1,0,0,0,0,0,1,0,0,1,0,0,0,0,0,0,0,1,0,1,0,0,1,0,0,0,1,0,0,0,1,1,0,1,1,1,1,1,1,1,1
C0477,1,0,0,0,0,0,1,0,0,0,0,0,1,0,1,1,0,1,0,1,1,1,0,0,1,1,0,1,0,0,0,1,0,1,1,1,1,0,0,0,0,0,1,0,0,0,0,1,0,0,0,0,0,1,1,1,1,0
C0478,1,0,0,0,0,0,0,1,1,1,0,0,0,0,0,0,0,0,0,0,1,1,1,0,0,0,0,0,0,1,1,0,1,1,0,1,1,0,1,1,1,0,0,0,0,0,0,1,0,1,0,1,0,0,1,0,1,1
C0479,1,0,1,0,0,0,1,0,0,0,0,0,0,1,1,1,0,0,0,0,0,0,1,0,1,0,0,0,0,0,0,0,0,0,1,0,0,0,0,0,0,0,1,0,0,0,0,1,0,0,0,0,0,1,1,1,0,0
C0480,1,1,1,0,0,1,0,0,0,1,1,1,1,1,1,1,1,1,0,0,0,0,0,0,1,0,0,1,0,1,0,1,0,0,1,0,0,0,0,1,1,0,0,0,0,0,0,1,0,1,1,1,1,1,0,1,0,1
C0481,1,0,1,1,0,0,0,1,1,1,0,1,0,0,0,0,0,0,0,0,0,0,0,0,0,0,0,0,0,1,0,0,0,0,0,1,1,1,0,0,0,0,0,1,0,0,0,1,1,1,0,1,1,0,0,0,1,0
C0482,0,1,0,0,1,1,1,1,1,0,1,1,0,0,1,0,0,0,1,1,0,1,1,1,1,1,0,0,1,0,0,1,1,1,1,0,0,0,1,1,0,0,0,1,0,0,0,0,0,1,1,1,1,1,1,1,1,1
C0483,1,1,1,1,0,1,1,0,0,1,0,0,0,0,0,0,0,0,0,0,0,0,0,0,0,1,0,1,0,1,0,0,0,1,1,1,1,1,0,0,0,0,0,0,0,1,0,1,1,1,0,1,0,0,0,1,1,0
C0484,1,0,1,0,1,0,0,0,0,0,0,1,0,0,0,0,0,0,0,1,0,0,0,0,1,1,1,1,1,1,0,1,0,1,1,0,1,0,0,0,0,1,0,0,0,0,0,1,0,0,1,0,1,0,1,1,1,0
C0485,0,0,0,1,1,0,0,0,0,1,0,1,1,1,0,0,0,0,1,0,0,0,0,0,1,0,0,0,0,0,0,1,1,0,0,0,0,0,1,0,0,0,1,0,0,0,0,0,1,1,1,1,1,1,1,1,1,0
C0486,1,0,1,1,0,0,0,0,0,1,1,1,0,0,0,0,0,0,0,1,0,1,1,1,0,1,0,0,0,1,0,1,0,1,0,0,0,0,0,0,0,1,0,0,0,0,0,1,1,1,1,1,1,0,1,0,1,0
C0487,1,0,0,0,0,1,0,1,0,0,1,0,0,1,0,0,1,1,0,0,0,0,0,0,0,1,0,0,0,0,0,0,1,1,1,0,0,1,0,0,0,1,0,0,0,0,0,1,0,1,1,0,0,1,0,1,1,0
C0488,0,0,0,0,0,1,0,1,1,1,1,0,0,0,1,0,1,0,0,0,1,0,0,0,1,0,0,1,0,0,0,0,1,1,1,0,0,0,0,0,0,0,1,0,0,0,0,0,0,1,1,1,0,1,1,1,1,0
C0489,1,1,1,1,0,1,1,1,0,1,1,0,0,0,0,0,0,0,1,0,0,0,1,0,0,1,1,0,0,1,0,0,1,0,0,1,0,1,0,1,0,0,0,1,0,0,0,1,1,1,1,1,0,0,1,0,1,1
C0490,0,1,0,1,1,0,0,1,0,1,0,1,0,0,0,0,0,0,0,0,0,0,0,0,1,0,1,1,0,0,0,0,0,0,1,1,1,1,0,0,0,0,1,0,0,0,0,0,1,1,1,1,1,0,0,1,1,0
C0491,0,0,1,1,0,0,0,0,0,0,0,0,0,0,0,0,0,0,0,0,0,0,0,0,0,1,0,0,0,0,0,1,0,0,0,0,0,0,1,0,0,0,0,1,0,0,0,1,1,0,0,0,0,0,0,0,1,0
C0492,0,1,1,0,0,1,0,0,0,1,1,0,0,1,1,1,1,0,0,0,0,0,0,0,0,0,0,0,0,0,0,0,1,0,0,1,0,0,0,0,0,1,0,0,0,0,0,1,0,1,1,1,0,1,0,0,1,0
C0493,0,0,1,0,0,1,1,0,0,0,0,0,0,1,1,1,0,0,0,0,1,1,1,1,0,0,0,0,0,0,1,1,0,0,0,0,0,0,1,0,0,0,0,1,0,0,0,1,0,1,0,0,0,1,1,0,1,0
C0494,0,1,1,1,0,0,1,0,1,1,0,0,0,1,0,0,0,0,0,0,0,0,0,0,0,0,0,0,0,1,1,0,0,1,0,1,0,1,1,1,0,0,0,1,0,0,0,1,1,1,0,1,0,1,0,0,1,1
C0495,1,1,1,1,1,0,0,1,0,0,1,0,1,0,1,0,0,0,0,1,0,0,0,0,1,1,0,0,1,1,0,1,0,1,0,0,0,0,0,0,0,0,0,1,0,0,0,1,1,1,1,0,0,1,1,1,1,0
C0496,1,0,0,1,0,0,1,0,0,0,0,1,0,0,0,1,0,0,0,0,0,0,0,0,1,0,1,0,0,1,0,0,0,1,1,0,1,1,0,1,0,0,0,1,0,0,0,1,1,0,0,0,1,1,0,1,1,1
C0497,0,1,0,0,1,0,0,0,1,0,0,0,0,1,0,1,1,0,0,1,0,0,1,0,1,1,0,1,0,0,0,1,0,1,1,1,1,0,0,0,1,0,0,0,0,0,0,0,0,1,1,1,0,1,1,1,1,0
C0498,0,1,0,0,0,1,0,0,0,1,0,0,0,1,0,0,1,0,1,1,1,0,1,0,1,1,1,0,0,0,0,1,0,0,0,0,1,0,0,1,0,0,0,1,0,0,0,0,0,1,0,1,0,1,1,1,1,1
C0499,0,0,1,0,1,0,0,1,0,0,1,0,0,0,0,0,0,0,0,0,0,0,0,0,0,0,0,0,0,0,0,0,0,0,0,1,0,0,0,0,0,0,1,0,0,0,0,1,0,0,1,0,0,0,0,0,1,0
C0500,0,0,0,0,1,0,0,1,1,0,1,1,0,0,0,1,0,0,0,0,0,0,0,1,0,0,1,0,0,0,0,0,0,1,0,1,1,1,0,1,1,0,0,0,0,0,0,0,0,0,1,1,1,1,1,0,1,1
