일정ID,이동_도보이동,이동_버스이용,이동_지하철이용,이동_차량이동,이동_긴이동시간,이동_환승있음,장소_병원방문,장소_학교방문,장소_마트방문,장소_공공기관방문,장소_새로운장소,장소_야외활동,활동_진료있음,활동_검사있음,활동_주사또는치료있음,활동_식사있음,활동_구매또는계산있음,활동_상담또는설명듣기,환경_대기시간있음,환경_사람많음,환경_큰소리있음,환경_밝은빛있음,환경_냄새강함,환경_신체접촉가능성있음,변수_일정변경가능성,변수_시간압박있음,변수_낯선사람만남,변수_보호자와분리상황있음,변수_규칙을지켜야함,변수_완료후보상있음,출력_일정난이도_낮음,출력_일정난이도_보통,출력_일정난이도_높음,출력_이동주의필요,출력_대기지원필요,출력_의료처치주의필요,출력_혼잡환경주의필요,출력_감각자극주의필요,출력_일정변경사전안내필요,출력_낯선환경사전안내필요,출력_시간압박완화필요,출력_분리상황주의필요,출력_규칙수행지원필요,출력_보상활용필요
S0001,0,1,1,1,0,0,0,0,0,1,1,0,0,0,0,0,0,1,1,1,0,0,0,0,1,1,1,0,1,1,0,0,1,1,1,0,1,0,1,1,1,0,1,1
S0002,1,1,0,0,0,0,0,0,0,0,1,1,0,0,0,0,0,0,0,0,0,1,0,0,0,0,0,0,0,0,1,0,0,1,0,0,1,1,0,1,0,0,0,0
S0003,0,1,1,1,1,1,0,0,0,1,1,0,0,0,0,0,0,1,1,1,0,0,0,0,1,1,0,0,1,0,0,0,1,1,1,0,1,0,1,1,1,0,1,0
S0004,0,0,0,1,1,0,0,0,0,0,1,1,0,0,0,1,0,0,0,0,0,1,0,0,0,0,0,0,0,1,1,0,0,1,0,0,0,1,0,1,0,0,0,1
S0005,1,0,0,0,0,0,0,0,0,0,0,1,0,0,0,1,0,0,0,0,0,0,0,0,1,0,0,0,0,1,1,0,0,0,0,0,0,0,1,0,0,0,0,1
S0006,0,0,0,1,0,0,0,0,0,1,1,0,0,0,0,0,0,1,1,1,0,0,0,0,0,0,1,0,1,1,0,1,0,0,1,0,1,0,0,1,0,0,1,1
S0007,1,0,0,0,0,0,0,0,0,0,0,1,0,0,0,0,0,0,0,0,0,0,0,0,0,0,0,0,0,1,1,0,0,0,0,0,0,0,0,0,0,0,0,1
S0008,1,0,0,0,0,0,0,0,0,0,0,1,0,0,0,0,0,0,0,0,0,1,0,0,0,0,0,0,0,0,1,0,0,0,0,0,0,1,0,0,0,0,0,0
S0009,0,1,0,0,0,0,0,0,0,0,0,1,0,0,0,0,0,0,0,1,0,1,0,0,0,0,0,0,0,1,1,0,0,1,0,0,1,1,0,0,0,0,0,1
S0010,0,1,1,1,1,1,0,0,0,1,0,0,0,0,0,0,0,1,1,0,0,1,0,0,1,0,1,0,1,0,0,0,1,1,1,0,1,1,1,1,0,0,1,0
S0011,0,1,0,0,0,0,0,0,0,0,1,1,0,0,0,1,0,0,0,1,0,1,0,0,1,0,0,0,0,1,0,1,0,1,0,0,1,1,1,1,0,0,0,1
S0012,0,0,0,1,0,0,0,0,0,0,0,0,0,0,0,0,0,0,0,0,0,0,0,0,1,0,0,0,0,1,1,0,0,0,0,0,0,0,1,0,0,0,0,1
S0013,1,0,0,0,0,0,0,0,1,0,0,0,0,0,0,0,1,0,0,1,1,0,0,0,0,1,0,0,1,1,0,1,0,0,0,0,1,1,0,0,1,0,1,1
S0014,1,0,0,0,1,0,0,0,1,0,0,0,0,0,0,0,1,0,1,1,1,1,1,0,0,0,0,0,0,1,0,1,0,1,1,0,1,1,0,0,0,0,1,1
S0015,0,1,1,1,1,0,0,0,0,1,0,0,0,0,0,0,0,1,0,0,0,0,0,0,0,0,0,0,1,0,1,0,0,1,1,0,1,0,0,1,0,0,1,0
S0016,0,0,0,1,0,0,0,1,0,0,0,0,0,0,0,0,0,0,0,1,0,0,0,0,0,1,0,0,1,0,1,0,0,0,0,0,1,0,0,0,1,0,1,0
S0017,0,1,1,0,1,1,0,0,0,1,0,0,0,0,0,0,0,1,1,1,0,0,0,0,0,1,1,0,1,0,0,0,1,1,1,0,1,0,0,1,1,0,1,0
S0018,0,0,1,0,0,0,0,0,0,0,0,0,0,0,0,0,0,0,0,1,0,0,0,0,0,0,0,0,0,0,1,0,0,1,0,0,1,0,0,0,0,0,0,0
S0019,1,0,0,1,0,0,0,0,1,0,0,0,0,0,0,0,1,0,0,1,1,1,0,0,0,0,0,0,0,1,1,0,0,0,0,0,1,1,0,0,0,0,1,1
S0020,0,1,1,0,0,0,1,0,0,0,0,0,1,0,0,0,0,1,1,1,0,0,0,0,0,0,1,0,1,0,0,1,0,1,1,1,1,0,0,1,0,0,1,0
S0021,1,0,0,0,0,0,0,0,0,0,1,1,0,0,0,0,0,0,0,0,0,0,0,0,0,0,0,0,1,1,1,0,0,0,0,0,0,0,0,1,0,0,1,1
S0022,1,0,0,0,0,0,0,0,0,0,0,1,0,0,0,0,0,0,0,0,0,0,0,0,0,0,0,0,0,1,1,0,0,0,0,0,0,0,0,0,0,0,0,1
S0023,0,1,0,0,1,1,1,0,0,0,0,0,1,0,0,0,0,0,1,0,0,0,0,1,0,0,0,0,0,0,0,1,0,1,1,1,1,1,0,0,0,0,0,0
S0024,0,0,0,1,0,0,0,0,1,0,0,0,0,0,0,0,1,0,0,0,0,0,0,0,0,0,1,0,0,0,1,0,0,0,0,0,1,0,0,1,0,0,1,0
S0025,0,1,0,1,0,0,0,0,1,0,0,0,0,0,0,0,1,0,1,1,1,1,1,0,0,0,0,0,0,1,0,1,0,1,1,0,1,1,0,0,0,0,1,1
S0026,0,0,0,1,0,0,1,0,0,0,0,0,1,1,1,0,0,1,1,1,0,0,0,1,0,1,1,0,1,1,0,0,1,0,1,1,1,1,0,1,1,0,1,1
S0027,1,0,0,0,0,0,0,0,0,0,0,1,0,0,0,0,0,0,0,0,0,0,0,0,0,0,0,0,0,0,1,0,0,0,0,0,0,0,0,0,0,0,0,0
S0028,0,1,0,0,0,0,1,0,0,0,0,0,1,1,1,0,0,1,1,1,0,0,1,1,0,1,1,0,0,1,0,0,1,1,1,1,1,1,0,1,1,0,0,1
S0029,0,1,0,0,0,0,0,0,1,0,0,0,0,0,0,0,1,0,1,0,0,1,0,0,0,0,1,0,0,0,0,1,0,1,1,0,1,1,0,1,0,0,1,0
S0030,1,0,0,0,0,0,0,0,0,0,0,1,0,0,0,0,0,0,0,0,0,1,0,0,0,0,1,0,0,1,1,0,0,0,0,0,0,1,0,1,0,0,0,1
S0031,0,0,1,0,1,0,0,0,0,1,1,0,0,0,0,0,0,1,1,0,0,0,0,0,0,1,1,0,1,0,0,0,1,1,1,0,1,0,0,1,1,0,1,0
S0032,1,0,0,0,0,0,0,0,0,0,0,1,0,0,0,0,0,0,0,0,0,0,0,0,0,0,0,0,0,1,1,0,0,0,0,0,0,0,0,0,0,0,0,1
S0033,1,1,0,1,1,0,0,1,0,0,0,0,0,0,0,0,0,1,1,1,0,0,0,0,0,0,1,1,1,1,0,0,1,1,1,0,1,0,0,1,0,1,1,1
S0034,1,0,0,0,1,0,0,1,0,0,0,0,0,0,0,0,0,0,0,0,0,0,0,0,0,1,0,0,0,1,1,0,0,1,0,0,0,0,0,0,1,0,0,1
S0035,0,0,1,0,1,0,1,0,0,0,0,0,1,0,0,0,0,0,1,1,0,0,0,1,0,1,0,0,0,1,0,0,1,1,1,1,1,1,0,0,1,0,0,1
S0036,0,0,0,1,1,0,1,0,0,0,0,0,1,1,1,0,0,0,1,0,0,1,1,1,1,0,1,0,1,0,0,0,1,1,1,1,0,1,1,1,0,0,1,0
S0037,0,0,0,1,0,0,1,0,0,0,1,0,1,1,1,0,0,1,0,0,0,0,0,1,0,0,1,0,0,0,0,0,1,0,1,1,0,1,0,1,0,0,0,0
S0038,1,0,0,0,0,0,0,0,0,0,0,1,0,0,0,0,0,0,0,0,0,0,0,0,0,0,0,0,0,0,1,0,0,0,0,0,0,0,0,0,0,0,0,0
S0039,0,0,0,1,0,0,0,0,1,0,0,0,0,0,0,0,1,0,1,1,1,0,0,0,0,0,0,0,0,1,0,1,0,0,1,0,1,1,0,0,0,0,1,1
S0040,1,1,0,0,0,0,0,0,0,0,1,1,0,0,0,0,0,0,0,0,1,0,0,0,1,0,0,0,0,1,0,1,0,1,0,0,1,1,1,1,0,0,0,1
S0041,0,0,0,1,0,0,0,0,1,0,0,0,0,0,0,0,1,0,0,0,1,1,0,0,0,0,1,0,0,1,1,0,0,0,0,0,1,1,0,1,0,0,1,1
S0042,0,1,0,0,0,0,0,0,0,0,0,1,0,0,0,0,0,0,0,0,0,0,0,0,0,0,0,0,0,0,1,0,0,1,0,0,1,0,0,0,0,0,0,0
S0043,0,0,1,0,1,1,1,0,0,0,1,0,1,0,0,0,0,1,1,1,0,0,0,1,1,0,1,0,0,0,0,0,1,1,1,1,1,1,1,1,0,0,0,0
S0044,1,0,0,0,0,0,0,0,0,0,0,1,0,0,0,0,0,0,0,0,0,0,0,0,0,0,1,0,0,0,1,0,0,0,0,0,0,0,0,1,0,0,0,0
S0045,0,1,0,1,0,0,0,0,1,0,0,0,0,0,0,0,1,0,0,1,0,1,0,0,0,0,0,0,0,1,0,1,0,1,0,0,1,1,0,0,0,0,1,1
S0046,1,0,0,0,0,0,0,0,0,0,0,0,0,0,0,0,0,0,0,0,0,0,0,0,0,0,0,0,0,1,1,0,0,0,0,0,0,0,0,0,0,0,0,1
S0047,1,0,0,0,0,0,0,0,0,0,0,0,0,0,0,0,0,0,0,0,0,0,0,0,0,1,0,0,0,1,1,0,0,0,0,0,0,0,0,0,1,0,0,1
S0048,1,0,0,1,1,0,0,0,0,0,0,1,0,0,0,0,0,0,0,0,1,1,0,0,0,1,0,0,1,1,0,1,0,1,0,0,0,1,0,0,1,0,1,1
S0049,0,0,1,1,1,0,1,0,0,0,0,0,0,0,1,0,0,0,1,1,0,0,0,1,0,1,0,0,0,0,0,0,1,1,1,1,1,1,0,0,1,0,0,0
S0050,0,0,1,0,0,0,1,0,0,0,0,0,1,1,1,0,0,0,1,0,0,1,1,1,0,0,1,0,1,0,0,0,1,1,1,1,1,1,0,1,0,0,1,0
S0051,0,0,1,0,0,0,0,0,1,0,0,0,0,0,0,1,1,0,0,1,0,1,0,0,0,0,0,0,1,0,0,1,0,1,0,0,1,1,0,0,0,0,1,0
S0052,1,0,0,0,0,0,0,0,0,0,0,1,0,0,0,0,0,0,0,0,0,1,0,0,0,0,0,0,0,1,1,0,0,0,0,0,0,1,0,0,0,0,0,1
S0053,0,0,1,0,0,0,0,0,0,1,0,0,0,0,0,0,0,1,1,1,0,1,0,0,0,1,1,0,0,0,0,1,0,1,1,0,1,1,0,1,1,0,1,0
S0054,1,1,0,0,1,1,0,0,0,1,0,0,0,0,0,0,0,1,1,1,0,0,0,0,0,0,1,0,1,0,0,0,1,1,1,0,1,0,0,1,0,0,1,0
S0055,0,0,0,1,0,0,0,0,0,1,1,0,0,0,0,0,0,1,1,0,0,0,0,0,0,0,1,0,0,0,0,1,0,0,1,0,0,0,0,1,0,0,1,0
S0056,0,0,0,1,0,0,0,0,1,0,0,0,0,0,0,1,1,0,0,0,0,0,0,0,0,1,1,0,0,0,1,0,0,0,0,0,1,0,0,1,1,0,1,0
S0057,1,0,0,0,0,0,0,0,0,0,0,1,0,0,0,0,0,0,0,0,0,1,0,0,0,0,0,0,0,0,1,0,0,0,0,0,0,1,0,0,0,0,0,0
S0058,1,0,0,0,0,0,0,0,0,0,0,0,0,0,0,0,0,0,0,0,0,1,0,0,0,0,0,0,0,1,1,0,0,0,0,0,0,1,0,0,0,0,0,1
S0059,1,0,0,0,0,0,0,0,0,0,0,1,0,0,0,0,0,0,0,0,1,0,0,0,0,0,0,0,0,1,1,0,0,0,0,0,0,1,0,0,0,0,0,1
S0060,0,0,0,1,0,0,0,0,1,0,1,0,0,0,0,0,1,0,0,1,0,1,0,0,0,0,1,0,0,1,0,1,0,0,0,0,1,1,0,1,0,0,1,1
S0061,0,0,1,1,1,0,1,0,0,0,0,0,1,1,0,0,0,1,1,0,0,0,0,1,1,0,1,0,1,0,0,0,1,1,1,1,1,1,1,1,0,0,1,0
S0062,0,0,0,1,0,0,0,1,0,0,0,0,0,0,0,0,0,1,0,1,0,0,0,0,0,1,0,0,1,0,1,0,0,0,0,0,1,0,0,0,1,0,1,0
S0063,0,1,0,0,1,0,0,0,0,1,0,0,0,0,0,0,0,1,1,1,0,0,0,0,0,0,1,0,0,0,0,1,0,1,1,0,1,0,0,1,0,0,1,0
S0064,1,0,0,0,0,0,0,0,0,0,0,1,0,0,0,0,0,0,0,0,0,1,0,0,1,0,0,0,0,1,1,0,0,0,0,0,0,1,1,0,0,0,0,1
S0065,0,0,1,0,1,0,0,0,1,0,0,0,0,0,0,0,1,0,0,1,0,0,1,0,0,0,0,0,0,0,0,1,0,1,0,0,1,1,0,0,0,0,1,0
S0066,0,1,0,0,0,0,1,0,0,0,0,0,1,0,1,0,0,0,1,1,0,0,0,1,0,0,1,0,1,1,0,0,1,1,1,1,1,1,0,1,0,0,1,1
S0067,0,0,1,0,0,0,0,0,0,1,0,0,0,0,0,0,0,1,1,1,0,0,0,0,0,1,1,0,1,1,0,1,0,1,1,0,1,0,0,1,1,0,1,1
S0068,0,0,0,1,0,0,1,0,0,0,0,0,1,0,0,0,0,1,1,0,0,0,0,0,1,0,1,0,0,0,0,1,0,0,1,1,0,0,1,1,0,0,0,0
S0069,1,0,0,0,0,0,0,1,0,0,0,0,0,0,0,0,0,0,0,0,0,0,0,0,0,0,1,1,1,0,1,0,0,0,0,0,0,0,0,1,0,1,1,0
S0070,1,0,0,0,0,0,0,0,0,0,0,1,0,0,0,0,0,0,0,0,0,0,0,0,0,0,0,0,0,1,1,0,0,0,0,0,0,0,0,0,0,0,0,1
S0071,0,0,1,0,0,0,0,0,0,0,0,0,0,0,0,0,0,0,0,0,0,0,0,0,1,0,0,0,0,1,1,0,0,1,0,0,1,0,1,0,0,0,0,1
S0072,0,0,0,1,0,0,1,0,0,0,0,0,1,1,1,0,0,0,1,1,0,0,1,1,1,0,1,0,1,0,0,0,1,0,1,1,1,1,1,1,0,0,1,0
S0073,1,1,0,0,0,0,0,0,0,0,0,1,0,0,0,0,0,0,0,1,0,1,0,0,0,0,1,0,0,1,0,1,0,1,0,0,1,1,0,1,0,0,0,1
S0074,1,0,0,1,0,0,0,1,0,0,0,0,0,0,0,0,0,0,0,1,0,0,0,0,0,1,0,0,0,0,1,0,0,0,0,0,1,0,0,0,1,0,0,0
S0075,0,0,0,1,1,0,1,0,0,0,0,0,1,0,0,0,0,1,1,1,0,0,0,0,1,1,1,0,0,0,0,0,1,1,1,1,1,0,1,1,1,0,0,0
S0076,0,0,1,0,0,0,0,0,1,0,1,0,0,0,0,0,1,0,0,1,1,0,1,0,0,0,0,0,0,1,0,1,0,1,0,0,1,1,0,1,0,0,1,1
S0077,0,0,0,1,0,0,1,0,0,0,0,0,1,1,1,0,0,0,1,1,0,0,0,1,0,0,0,0,0,0,0,0,1,0,1,1,1,1,0,0,0,0,0,0
S0078,1,0,0,0,0,0,0,0,0,0,0,1,0,0,0,0,0,0,0,1,0,1,0,0,1,0,0,0,0,1,1,0,0,0,0,0,1,1,1,0,0,0,0,1
S0079,0,1,0,0,0,0,0,0,0,0,0,0,0,0,0,0,0,0,0,0,0,1,0,0,0,0,0,0,0,0,1,0,0,1,0,0,1,1,0,0,0,0,0,0
S0080,0,1,0,1,1,0,1,0,0,0,0,0,1,0,1,0,0,1,1,0,0,0,0,0,1,0,1,0,1,0,0,0,1,1,1,1,1,1,1,1,0,0,1,0
S0081,1,0,0,0,0,0,0,0,0,0,1,1,0,0,0,1,0,0,0,0,1,0,0,0,0,0,1,0,1,0,0,1,0,0,0,0,0,1,0,1,0,0,1,0
S0082,0,0,0,1,1,0,1,0,0,0,0,0,1,0,0,0,0,0,1,1,0,1,0,0,0,0,1,0,0,0,0,1,0,1,1,1,1,1,0,1,0,0,0,0
S0083,1,0,0,0,0,0,0,0,0,0,0,1,0,0,0,1,0,0,0,0,0,1,0,0,1,0,1,0,0,1,1,0,0,0,0,0,0,1,1,1,0,0,0,1
S0084,0,0,0,1,0,0,1,0,0,0,1,0,1,0,0,0,0,1,0,1,0,1,0,1,0,0,1,0,1,1,0,0,1,0,1,1,1,1,0,1,0,0,1,1
S0085,0,0,1,0,1,0,0,0,0,1,0,0,0,0,0,0,0,1,1,0,0,0,0,0,0,0,0,0,1,0,0,1,0,1,1,0,1,0,0,1,0,0,1,0
S0086,0,0,0,1,0,0,0,0,1,0,1,0,0,0,0,0,1,0,0,1,1,1,0,0,0,1,1,0,0,0,0,1,0,0,0,0,1,1,0,1,1,0,1,0
S0087,0,1,0,0,0,0,0,1,0,0,0,0,0,0,0,0,0,0,0,0,1,0,0,0,0,0,0,0,1,0,1,0,0,1,0,0,1,1,0,0,0,0,1,0
S0088,0,1,1,0,1,1,0,0,0,1,0,0,0,0,0,0,0,1,1,0,0,0,0,0,0,1,1,0,1,1,0,0,1,1,1,0,1,0,0,1,1,0,1,1
S0089,1,0,0,0,0,0,0,0,0,0,0,1,0,0,0,0,0,0,0,0,0,0,0,0,0,0,0,0,0,0,1,0,0,0,0,0,0,0,0,0,0,0,0,0
S0090,0,0,1,0,0,0,0,0,0,1,0,0,0,0,0,0,0,1,1,0,0,0,0,0,0,0,1,0,1,0,0,1,0,1,1,0,1,0,0,1,0,0,1,0
S0091,0,0,1,0,0,0,0,0,0,0,0,0,0,0,0,0,0,0,0,0,0,0,0,0,0,0,0,0,0,1,1,0,0,1,0,0,1,0,0,0,0,0,0,1
S0092,1,0,0,0,0,0,1,0,0,0,1,0,1,0,1,0,0,0,1,0,0,0,0,1,0,0,1,0,0,1,0,1,0,0,1,1,0,1,0,1,0,0,0,1
S0093,1,0,0,0,0,0,0,0,0,0,0,0,0,0,0,0,0,0,0,0,0,0,0,0,0,0,0,0,0,0,1,0,0,0,0,0,0,0,0,0,0,0,0,0
S0094,0,1,0,0,1,0,1,0,0,0,0,0,0,0,0,0,0,1,1,1,0,0,0,1,0,0,1,0,0,1,0,0,1,1,1,1,1,1,0,1,0,0,0,1
S0095,0,1,0,1,1,0,0,0,0,1,1,0,0,0,0,0,0,1,1,1,0,0,0,0,0,1,1,0,1,1,0,0,1,1,1,0,1,0,0,1,1,0,1,1
S0096,1,0,0,0,0,0,0,0,0,0,0,1,0,0,0,0,0,0,0,0,0,1,0,0,0,0,0,0,0,0,1,0,0,0,0,0,0,1,0,0,0,0,0,0
S0097,1,0,0,0,1,0,0,0,0,1,1,0,0,0,0,0,0,1,1,0,0,0,0,0,0,0,1,0,0,0,0,1,0,1,1,0,0,0,0,1,0,0,1,0
S0098,0,1,0,0,1,0,0,0,0,1,1,0,0,0,0,0,0,1,1,0,0,0,0,0,1,0,0,0,1,1,0,1,0,1,1,0,1,0,1,1,0,0,1,1
S0099,0,0,0,1,0,0,0,0,1,0,0,0,0,0,0,1,1,0,0,1,0,1,1,0,0,0,0,0,0,1,1,0,0,0,0,0,1,1,0,0,0,0,1,1
S0100,0,1,0,0,0,0,0,1,0,0,0,0,0,0,0,0,0,1,0,0,1,0,0,0,0,1,1,0,0,1,0,1,0,1,0,0,1,1,0,1,1,0,0,1
S0101,0,1,0,0,0,0,0,0,1,0,0,0,0,0,0,0,1,0,0,1,0,1,0,0,0,0,1,0,1,0,0,1,0,1,0,0,1,1,0,1,0,0,1,0
S0102,0,0,0,1,0,0,1,0,0,0,0,0,1,0,1,0,0,1,1,1,0,0,1,1,0,0,1,0,1,1,0,0,1,0,1,1,1,1,0,1,0,0,1,1
S0103,0,0,1,1,1,0,1,0,0,0,0,0,1,1,0,0,0,1,1,1,0,1,0,1,0,0,1,0,0,1,0,0,1,1,1,1,1,1,0,1,0,0,0,1
S0104,0,0,1,0,0,0,0,1,0,0,0,0,0,0,0,0,0,1,1,1,1,0,0,0,0,0,1,0,1,0,0,1,0,1,1,0,1,1,0,1,0,0,1,0
S0105,0,1,0,0,0,0,0,1,0,0,0,0,0,0,0,0,0,0,0,0,0,0,0,0,0,0,1,0,1,0,1,0,0,1,0,0,1,0,0,1,0,0,1,0
S0106,0,1,1,0,1,1,0,0,0,1,0,0,0,0,0,0,0,1,1,1,0,0,0,0,1,0,0,0,0,0,0,0,1,1,1,0,1,0,1,1,0,0,1,0
S0107,1,1,1,0,1,1,1,0,0,0,1,0,1,0,0,0,0,1,1,1,0,0,0,0,1,0,0,0,0,0,0,0,1,1,1,1,1,0,1,1,0,0,0,0
S0108,0,1,0,0,0,0,1,0,0,0,0,0,1,0,0,0,0,0,1,0,0,0,0,0,0,1,0,0,1,1,0,1,0,1,1,1,1,0,0,0,1,0,1,1
S0109,1,0,0,0,0,0,0,0,0,0,0,0,0,0,0,0,0,0,0,0,0,0,0,0,0,0,0,0,0,0,1,0,0,0,0,0,0,0,0,0,0,0,0,0
S0110,0,0,1,0,0,0,0,0,0,1,0,0,0,0,0,0,0,1,0,1,0,0,0,0,0,0,1,0,0,0,0,1,0,1,1,0,1,0,0,1,0,0,1,0
S0111,1,0,0,0,0,0,0,0,0,0,0,1,0,0,0,0,0,0,0,0,0,0,0,0,0,0,1,0,0,1,1,0,0,0,0,0,0,0,0,1,0,0,0,1
S0112,1,1,0,0,0,0,0,0,0,0,1,1,0,0,0,1,0,0,0,0,0,0,0,0,0,1,0,0,0,0,1,0,0,1,0,0,1,0,0,1,1,0,0,0
S0113,0,1,0,1,1,0,0,0,0,1,1,0,0,0,0,0,0,1,1,1,0,0,0,0,1,0,1,0,1,1,0,0,1,1,1,0,1,0,1,1,0,0,1,1
S0114,1,0,0,0,0,0,0,0,0,0,0,1,0,0,0,0,0,0,0,0,0,1,0,0,0,0,0,0,0,1,1,0,0,0,0,0,0,1,0,0,0,0,0,1
S0115,1,0,0,0,0,0,0,0,0,0,0,0,0,0,0,0,0,0,0,0,0,0,0,0,0,0,0,0,0,0,1,0,0,0,0,0,0,0,0,0,0,0,0,0
S0116,1,0,0,0,0,0,0,0,0,0,1,1,0,0,0,0,0,0,0,0,0,1,0,0,0,0,1,0,0,0,1,0,0,0,0,0,0,1,0,1,0,0,0,0
S0117,0,0,1,0,0,0,1,0,0,0,0,0,1,0,0,0,0,0,1,1,0,0,0,1,0,1,0,0,0,1,0,1,0,1,1,1,1,1,0,0,1,0,0,1
S0118,0,0,0,1,0,0,1,0,0,0,0,0,1,0,1,0,0,0,1,1,0,0,1,1,0,0,1,0,0,0,0,0,1,0,1,1,1,1,0,1,0,0,0,0
S0119,0,0,0,1,0,0,0,1,0,0,0,0,0,0,0,0,0,1,0,1,1,0,0,0,0,0,0,1,1,1,0,1,0,0,0,0,1,1,0,0,0,1,1,1
S0120,0,0,0,1,0,0,0,0,1,0,0,0,0,0,0,0,1,0,0,1,0,1,0,0,0,1,0,0,0,0,1,0,0,0,0,0,1,1,0,0,1,0,1,0
S0121,0,0,1,0,0,0,0,0,0,1,1,0,0,0,0,0,0,1,1,1,0,1,0,0,1,1,1,0,1,0,0,0,1,1,1,0,1,1,1,1,1,0,1,0
S0122,0,1,1,0,0,1,0,0,0,1,1,0,0,0,0,0,0,1,1,0,0,0,0,0,0,0,1,0,0,0,0,1,0,1,1,0,1,0,0,1,0,0,1,0
S0123,1,0,0,0,0,0,0,0,0,0,0,0,0,0,0,0,0,0,0,0,0,1,0,0,0,0,0,0,0,0,1,0,0,0,0,0,0,1,0,0,0,0,0,0
S0124,0,0,1,0,0,0,0,0,0,1,1,0,0,0,0,0,0,1,1,1,0,0,0,0,0,1,0,0,1,0,0,1,0,1,1,0,1,0,0,1,1,0,1,0
S0125,1,0,0,0,0,0,0,0,0,0,0,0,0,0,0,0,0,0,0,0,0,1,0,0,0,0,0,0,0,0,1,0,0,0,0,0,0,1,0,0,0,0,0,0
S0126,0,0,1,0,1,0,1,0,0,0,1,0,1,1,1,0,0,0,1,1,0,0,0,1,1,0,0,0,1,0,0,0,1,1,1,1,1,1,1,1,0,0,1,0
S0127,1,0,0,0,0,0,0,0,0,0,0,1,0,0,0,0,0,0,0,0,0,0,0,0,0,0,0,0,0,0,1,0,0,0,0,0,0,0,0,0,0,0,0,0
S0128,0,1,0,0,0,0,0,1,0,0,0,0,0,0,0,0,0,0,1,1,0,0,0,0,0,1,0,0,1,0,0,1,0,1,1,0,1,0,0,0,1,0,1,0
S0129,1,0,0,0,0,0,0,0,0,0,0,0,0,0,0,0,0,0,0,1,0,1,0,0,0,0,1,0,0,0,1,0,0,0,0,0,1,1,0,1,0,0,0,0
S0130,1,1,0,1,1,0,0,0,1,0,0,0,0,0,0,1,1,0,1,1,0,0,0,0,0,1,0,0,1,1,0,1,0,1,1,0,1,0,0,0,1,0,1,1
S0131,1,1,0,0,0,0,0,0,0,0,0,1,0,0,0,1,0,0,0,0,0,1,0,0,0,0,0,0,1,1,1,0,0,1,0,0,1,1,0,0,0,0,1,1
S0132,1,0,0,0,0,0,0,0,0,0,0,1,0,0,0,0,0,0,0,1,0,0,0,0,0,0,0,0,0,0,1,0,0,0,0,0,1,0,0,0,0,0,0,0
S0133,0,1,0,1,0,0,0,1,0,0,0,0,0,0,0,0,0,1,0,1,0,0,0,0,1,0,1,0,1,1,0,1,0,1,0,0,1,0,1,1,0,0,1,1
S0134,0,0,1,0,0,0,0,0,1,0,1,0,0,0,0,1,1,0,1,1,0,0,0,0,0,0,1,0,0,0,0,1,0,1,1,0,1,0,0,1,0,0,1,0
S0135,1,0,0,0,0,0,0,0,0,0,0,1,0,0,0,0,0,0,0,0,0,0,0,0,0,0,0,0,0,1,1,0,0,0,0,0,0,0,0,0,0,0,0,1
S0136,0,0,0,1,1,0,1,0,0,0,1,0,1,0,1,0,0,0,1,0,0,0,1,1,0,0,0,0,0,1,0,0,1,1,1,1,0,1,0,1,0,0,0,1
S0137,0,1,0,0,0,0,0,0,1,0,0,0,0,0,0,0,1,0,1,1,1,0,1,0,1,0,0,0,1,0,0,0,1,1,1,0,1,1,1,0,0,0,1,0
S0138,1,0,0,1,0,0,0,1,0,0,0,0,0,0,0,0,0,0,1,1,0,0,0,0,1,0,0,0,0,1,0,1,0,0,1,0,1,0,1,0,0,0,0,1
S0139,0,1,1,0,1,0,0,0,0,1,0,0,0,0,0,0,0,1,0,1,0,0,0,0,0,1,1,0,1,1,0,1,0,1,1,0,1,0,0,1,1,0,1,1
S0140,1,0,0,0,1,0,1,0,0,0,0,0,1,0,0,0,0,1,0,0,0,0,0,1,0,1,1,0,1,0,0,1,0,1,1,1,0,1,0,1,1,0,1,0
S0141,0,1,0,1,0,0,0,0,1,0,0,0,0,0,0,0,1,0,1,1,1,0,0,0,0,1,0,0,0,1,0,1,0,1,1,0,1,1,0,0,1,0,1,1
S0142,0,1,0,0,0,0,0,0,1,0,0,0,0,0,0,0,1,0,1,1,0,1,1,0,0,0,1,0,0,0,0,1,0,1,1,0,1,1,0,1,0,0,1,0
S0143,0,1,0,1,0,0,0,0,1,0,1,0,0,0,0,0,1,0,0,1,0,1,0,0,1,1,0,0,0,1,0,1,0,1,0,0,1,1,1,1,1,0,1,1
S0144,0,1,0,0,0,0,1,0,0,0,0,0,1,0,0,0,0,1,1,1,0,0,0,0,0,0,1,0,1,1,0,1,0,1,1,1,1,0,0,1,0,0,1,1
S0145,0,0,0,1,0,0,0,0,0,1,0,0,0,0,0,0,0,1,1,1,0,1,0,0,1,1,0,0,0,1,0,1,0,0,1,0,1,1,1,1,1,0,1,1
S0146,1,0,0,0,0,0,0,0,0,0,0,0,0,0,0,0,0,0,0,0,0,1,0,0,0,0,0,0,0,0,1,0,0,0,0,0,0,1,0,0,0,0,0,0
S0147,0,1,0,0,0,0,0,0,0,0,0,1,0,0,0,0,0,0,0,0,0,0,0,0,0,0,0,0,0,0,1,0,0,1,0,0,1,0,0,0,0,0,0,0
S0148,1,0,0,0,0,0,0,0,0,0,0,0,0,0,0,0,0,0,0,0,1,1,0,0,0,1,0,0,0,1,1,0,0,0,0,0,0,1,0,0,1,0,0,1
S0149,1,0,0,0,0,0,0,0,0,0,0,1,0,0,0,0,0,0,0,0,1,1,0,0,0,0,0,0,0,1,1,0,0,0,0,0,0,1,0,0,0,0,0,1
S0150,1,0,0,0,0,0,0,0,0,0,0,0,0,0,0,0,0,0,0,0,0,1,0,0,0,0,0,0,0,0,1,0,0,0,0,0,0,1,0,0,0,0,0,0
S0151,1,0,0,0,0,0,1,0,0,0,1,0,1,0,1,0,0,0,0,0,0,0,0,1,1,0,0,0,0,1,0,1,0,0,1,1,0,1,1,1,0,0,0,1
S0152,0,0,0,1,0,0,0,0,1,0,0,0,0,0,0,1,1,0,1,1,1,0,0,0,1,0,1,0,1,1,0,1,0,0,1,0,1,1,1,1,0,0,1,1
S0153,0,1,0,0,0,0,1,0,0,0,0,0,1,1,0,0,0,1,1,1,0,0,0,1,1,0,1,0,1,1,0,0,1,1,1,1,1,1,1,1,0,0,1,1
S0154,1,0,0,0,0,0,0,0,1,0,1,0,0,0,0,0,1,0,0,1,1,1,0,0,0,0,1,0,1,0,0,1,0,0,0,0,1,1,0,1,0,0,1,0
S0155,1,0,0,0,1,0,0,1,0,0,0,0,0,0,0,0,0,0,0,1,1,0,0,0,0,0,1,1,0,0,0,1,0,1,0,0,1,1,0,1,0,1,0,0
S0156,1,0,0,0,0,0,0,0,0,0,0,0,0,0,0,0,0,0,0,0,0,0,0,0,0,0,0,0,0,1,1,0,0,0,0,0,0,0,0,0,0,0,0,1
S0157,0,1,0,0,0,0,0,0,1,0,0,0,0,0,0,0,1,0,1,0,1,1,1,0,1,1,0,0,1,0,0,0,1,1,1,0,1,1,1,0,1,0,1,0
S0158,0,0,0,1,0,0,0,0,0,0,0,1,0,0,0,0,0,0,0,0,0,1,0,0,0,0,0,0,0,0,1,0,0,0,0,0,0,1,0,0,0,0,0,0
S0159,1,0,0,0,0,0,0,0,1,0,0,0,0,0,0,0,1,0,0,1,1,1,0,0,0,1,1,0,1,0,0,1,0,0,0,0,1,1,0,1,1,0,1,0
S0160,0,0,0,1,0,0,0,0,1,0,0,0,0,0,0,0,1,0,1,0,0,0,0,0,0,0,0,0,0,1,1,0,0,0,1,0,1,0,0,0,0,0,1,1
S0161,1,0,0,0,0,0,0,1,0,0,0,0,0,0,0,0,0,0,1,1,0,0,0,0,1,0,0,1,1,0,0,1,0,0,1,0,1,0,1,0,0,1,1,0
S0162,0,0,1,1,0,0,1,0,0,0,0,0,1,1,0,0,0,1,0,1,0,0,0,0,1,0,1,0,1,1,0,0,1,1,1,1,1,0,1,1,0,0,1,1
S0163,1,0,0,1,0,0,0,0,0,0,1,1,0,0,0,0,0,0,0,0,0,1,0,0,1,0,1,0,0,1,0,1,0,0,0,0,0,1,1,1,0,0,0,1
S0164,0,0,1,0,0,0,0,0,0,0,0,1,0,0,0,0,0,0,0,0,0,0,0,0,0,1,0,0,0,0,1,0,0,1,0,0,1,0,0,0,1,0,0,0
S0165,1,1,0,0,0,0,0,1,0,0,0,0,0,0,0,0,0,0,0,1,1,0,0,0,0,0,0,0,1,0,0,1,0,1,0,0,1,1,0,0,0,0,1,0
S0166,0,1,0,0,0,0,0,0,0,0,0,1,0,0,0,0,0,0,0,1,0,1,0,0,0,0,0,0,0,1,1,0,0,1,0,0,1,1,0,0,0,0,0,1
S0167,1,0,0,0,0,0,0,1,0,0,0,0,0,0,0,0,0,0,0,1,1,0,0,0,0,0,0,0,1,1,1,0,0,0,0,0,1,1,0,0,0,0,1,1
S0168,0,1,0,0,0,0,1,0,0,0,0,0,1,0,0,0,0,1,0,1,0,0,0,0,1,0,1,0,1,1,0,1,0,1,1,1,1,0,1,1,0,0,1,1
S0169,0,1,0,0,0,0,0,1,0,0,1,0,0,0,0,0,0,0,0,1,0,0,0,0,0,1,1,0,1,1,0,1,0,1,0,0,1,0,0,1,1,0,1,1
S0170,0,0,0,1,0,0,1,0,0,0,0,0,1,1,1,0,0,0,1,1,0,0,0,0,1,0,1,0,0,1,0,0,1,0,1,1,1,1,1,1,0,0,0,1
S0171,1,0,0,0,1,0,0,0,0,0,0,1,0,0,0,1,0,0,0,0,0,1,0,0,1,0,0,0,0,1,1,0,0,1,0,0,0,1,1,0,0,0,0,1
S0172,0,1,0,0,0,0,0,0,1,0,0,0,0,0,0,0,1,0,0,1,0,1,0,0,1,0,1,0,1,1,0,1,0,1,0,0,1,1,1,1,0,0,1,1
S0173,0,1,0,0,0,0,0,0,1,0,0,0,0,0,0,1,1,0,1,1,0,1,0,0,0,1,0,0,0,0,0,1,0,1,1,0,1,1,0,0,1,0,1,0
S0174,1,1,0,1,0,0,0,0,1,0,0,0,0,0,0,1,1,0,0,1,0,0,1,0,0,0,0,0,0,1,0,1,0,1,0,0,1,1,0,0,0,0,1,1
S0175,1,0,0,0,0,0,0,0,1,0,0,0,0,0,0,1,1,0,0,0,0,1,0,0,0,0,1,0,0,0,1,0,0,0,0,0,1,1,0,1,0,0,1,0
S0176,0,0,0,1,1,0,0,0,1,0,1,0,0,0,0,0,1,0,0,1,1,0,0,0,0,0,0,0,0,0,0,1,0,1,0,0,1,1,0,1,0,0,1,0
S0177,0,0,0,1,1,0,1,0,0,0,0,0,1,1,0,0,0,1,1,1,0,0,0,1,0,1,1,0,0,1,0,0,1,1,1,1,1,1,0,1,1,0,0,1
S0178,0,0,1,1,1,0,1,0,0,0,0,0,1,1,0,0,0,0,1,1,0,1,0,1,0,0,1,0,0,1,0,0,1,1,1,1,1,1,0,1,0,0,0,1
S0179,0,0,1,0,0,0,0,0,0,1,1,0,0,0,0,0,0,1,1,1,0,0,0,0,1,0,1,0,1,0,0,0,1,1,1,0,1,0,1,1,0,0,1,0
S0180,1,0,0,0,1,0,0,0,0,0,0,1,0,0,0,1,0,0,0,0,0,1,0,0,0,0,1,0,0,0,1,0,0,1,0,0,0,1,0,1,0,0,0,0
S0181,0,1,0,0,0,0,1,0,0,0,0,0,1,0,0,0,0,1,1,1,0,0,0,0,0,0,1,0,0,0,0,1,0,1,1,1,1,0,0,1,0,0,0,0
S0182,0,1,0,0,0,0,0,0,0,0,0,1,0,0,0,0,0,0,0,0,0,1,0,0,0,0,0,0,0,0,1,0,0,1,0,0,1,1,0,0,0,0,0,0
S0183,1,0,0,0,0,0,0,0,0,0,0,1,0,0,0,0,0,0,0,0,0,0,0,0,0,0,0,0,0,0,1,0,0,0,0,0,0,0,0,0,0,0,0,0
S0184,0,0,1,0,0,0,0,1,0,0,0,0,0,0,0,0,0,1,0,1,0,0,0,0,0,0,1,1,1,1,0,1,0,1,0,0,1,0,0,1,0,1,1,1
S0185,1,0,0,0,0,0,0,1,0,0,0,0,0,0,0,0,0,1,0,0,1,0,0,0,0,1,0,0,1,0,1,0,0,0,0,0,0,1,0,0,1,0,1,0
S0186,0,1,1,1,1,1,1,0,0,0,0,0,1,0,0,0,0,0,1,1,0,1,0,0,1,0,1,0,0,0,0,0,1,1,1,1,1,1,1,1,0,0,0,0
S0187,1,0,0,0,0,0,0,0,0,0,0,1,0,0,0,0,0,0,0,0,1,1,0,0,1,0,0,0,1,1,0,1,0,0,0,0,0,1,1,0,0,0,1,1
S0188,0,1,0,1,0,0,0,0,1,0,0,0,0,0,0,0,1,0,0,1,1,0,1,0,1,1,0,0,0,1,0,1,0,1,0,0,1,1,1,0,1,0,1,1
S0189,1,0,0,0,0,0,0,0,0,0,0,1,0,0,0,0,0,0,0,0,0,0,0,0,0,0,0,0,0,1,1,0,0,0,0,0,0,0,0,0,0,0,0,1
S0190,1,1,0,1,0,0,0,0,0,0,0,1,0,0,0,0,0,0,0,1,0,1,0,0,1,0,1,0,1,0,0,1,0,1,0,0,1,1,1,1,0,0,1,0
S0191,1,0,0,1,0,0,0,0,0,0,1,1,0,0,0,0,0,0,0,0,0,1,0,0,0,0,1,0,1,0,0,1,0,0,0,0,0,1,0,1,0,0,1,0
S0192,1,0,0,0,0,0,0,0,0,0,0,0,0,0,0,0,0,0,0,0,0,0,0,0,0,0,0,0,0,1,1,0,0,0,0,0,0,0,0,0,0,0,0,1
S0193,0,0,0,1,1,0,0,0,0,1,1,0,0,0,0,0,0,1,0,1,0,1,0,0,0,1,1,0,1,0,0,0,1,1,1,0,1,1,0,1,1,0,1,0
S0194,1,0,0,1,1,0,0,0,0,0,0,1,0,0,0,0,0,0,0,0,1,1,0,0,1,0,0,0,1,0,0,1,0,1,0,0,0,1,1,0,0,0,1,0
S0195,0,1,1,0,1,1,0,0,0,1,0,0,0,0,0,0,0,1,1,1,0,0,0,0,0,0,1,0,1,0,0,0,1,1,1,0,1,0,0,1,0,0,1,0
S0196,1,0,0,0,0,0,0,0,0,0,0,1,0,0,0,0,0,0,0,0,1,1,0,0,1,0,0,0,0,1,1,0,0,0,0,0,0,1,1,0,0,0,0,1
S0197,0,0,0,1,0,0,0,1,0,0,0,0,0,0,0,0,0,0,0,0,0,0,0,0,0,1,0,0,1,0,1,0,0,0,0,0,0,0,0,0,1,0,1,0
S0198,1,0,0,1,0,0,0,0,0,0,0,1,0,0,0,1,0,0,0,1,0,1,0,0,0,0,1,0,0,1,1,0,0,0,0,0,1,1,0,1,0,0,0,1
S0199,1,0,0,0,0,0,0,0,0,0,0,0,0,0,0,0,0,0,0,0,0,0,0,0,0,0,0,0,0,0,1,0,0,0,0,0,0,0,0,0,0,0,0,0
S0200,0,0,0,1,0,0,0,0,1,0,1,0,0,0,0,1,1,0,0,1,1,1,0,0,1,0,0,0,0,1,0,1,0,0,0,0,1,1,1,1,0,0,1,1
S0201,1,0,0,1,0,0,0,0,0,0,0,1,0,0,0,0,0,0,0,1,1,0,0,0,0,0,0,0,0,0,1,0,0,0,0,0,1,1,0,0,0,0,0,0
S0202,1,0,0,0,0,0,0,0,0,0,0,0,0,0,0,0,0,0,0,0,0,0,0,0,0,0,0,0,0,0,1,0,0,0,0,0,0,0,0,0,0,0,0,0
S0203,1,0,0,0,1,0,1,0,0,0,1,0,1,0,0,0,0,0,1,1,0,0,0,0,0,0,1,0,0,0,0,0,1,1,1,1,1,0,0,1,0,0,0,0
S0204,0,0,1,0,1,0,0,0,0,1,1,0,0,0,0,0,0,1,1,1,0,0,0,0,1,1,1,0,1,0,0,0,1,1,1,0,1,0,1,1,1,0,1,0
S0205,0,1,0,0,0,0,1,0,0,0,0,0,1,1,0,0,0,0,1,1,0,0,0,1,0,1,1,0,0,1,0,0,1,1,1,1,1,1,0,1,1,0,0,1
S0206,1,0,0,0,0,0,0,0,0,0,1,1,0,0,0,1,0,0,0,0,0,1,0,0,0,0,1,0,0,1,1,0,0,0,0,0,0,1,0,1,0,0,0,1
S0207,0,1,0,1,0,0,0,0,1,0,0,0,0,0,0,0,1,0,0,1,0,1,0,0,0,0,1,0,0,0,0,1,0,1,0,0,1,1,0,1,0,0,1,0
S0208,0,1,1,0,1,1,0,0,0,1,1,0,0,0,0,0,0,1,1,1,0,1,0,0,0,0,1,0,1,0,0,0,1,1,1,0,1,1,0,1,0,0,1,0
S0209,0,1,0,1,0,0,0,1,0,0,0,0,0,0,0,0,0,0,0,0,0,0,0,0,0,0,0,0,0,0,1,0,0,1,0,0,1,0,0,0,0,0,0,0
S0210,1,0,0,0,0,0,0,0,0,0,0,1,0,0,0,0,0,0,0,0,0,1,0,0,0,0,0,0,0,1,1,0,0,0,0,0,0,1,0,0,0,0,0,1
S0211,1,0,0,0,1,0,0,1,0,0,0,0,0,0,0,0,0,1,0,1,0,0,0,0,0,0,1,1,0,0,0,1,0,1,0,0,1,0,0,1,0,1,0,0
S0212,1,0,0,0,0,0,0,0,0,0,0,1,0,0,0,0,0,0,0,0,1,0,0,0,0,1,0,0,0,0,1,0,0,0,0,0,0,1,0,0,1,0,0,0
S0213,0,0,0,1,0,0,0,0,1,0,0,0,0,0,0,0,1,0,1,0,1,1,0,0,0,1,1,0,0,0,0,1,0,0,1,0,1,1,0,1,1,0,1,0
S0214,1,0,0,1,1,0,0,1,0,0,0,0,0,0,0,0,0,1,0,1,0,0,0,0,0,1,0,0,0,1,0,1,0,1,0,0,1,0,0,0,1,0,0,1
S0215,1,1,0,0,0,0,0,1,0,0,0,0,0,0,0,0,0,1,0,1,1,0,0,0,0,1,1,1,1,0,0,0,1,1,0,0,1,1,0,1,1,1,1,0
S0216,1,0,0,0,0,0,0,0,0,0,0,0,0,0,0,0,0,0,0,0,0,1,0,0,0,0,0,0,0,1,1,0,0,0,0,0,0,1,0,0,0,0,0,1
S0217,0,0,0,1,0,0,0,1,0,0,0,0,0,0,0,0,0,0,0,0,0,0,0,0,0,0,1,0,1,0,1,0,0,0,0,0,0,0,0,1,0,0,1,0
S0218,0,0,0,1,0,0,0,0,1,0,0,0,0,0,0,0,1,0,0,1,1,1,1,0,0,0,0,0,1,1,0,1,0,0,0,0,1,1,0,0,0,0,1,1
S0219,1,0,0,1,0,0,0,0,0,0,1,1,0,0,0,1,0,0,0,0,0,1,0,0,1,1,0,0,0,1,0,1,0,0,0,0,0,1,1,1,1,0,0,1
S0220,0,0,1,0,1,0,0,0,0,1,1,0,0,0,0,0,0,1,1,1,0,0,0,0,1,1,1,0,0,0,0,0,1,1,1,0,1,0,1,1,1,0,1,0
S0221,1,0,0,0,0,0,1,0,0,0,0,0,1,0,0,0,0,0,1,1,0,1,0,1,1,0,0,0,1,1,0,0,1,0,1,1,1,1,1,0,0,0,1,1
S0222,1,0,0,0,0,0,0,0,0,0,0,1,0,0,0,0,0,0,0,0,0,1,0,0,0,0,0,0,0,1,1,0,0,0,0,0,0,1,0,0,0,0,0,1
S0223,1,0,0,1,1,0,0,0,0,0,0,1,0,0,0,0,0,0,0,0,0,1,0,0,0,0,1,0,1,1,1,0,0,1,0,0,0,1,0,1,0,0,1,1
S0224,0,0,0,1,0,0,0,1,0,0,1,0,0,0,0,0,0,1,0,1,1,0,0,0,0,0,1,1,1,1,0,1,0,0,0,0,1,1,0,1,0,1,1,1
S0225,1,0,0,0,0,0,0,0,0,0,0,1,0,0,0,0,0,0,0,1,1,0,0,0,0,0,0,0,0,1,1,0,0,0,0,0,1,1,0,0,0,0,0,1
S0226,0,0,1,0,1,0,0,1,0,0,0,0,0,0,0,0,0,0,0,0,1,0,0,0,0,0,0,0,1,0,0,1,0,1,0,0,1,1,0,0,0,0,1,0
S0227,0,1,0,0,1,0,0,0,0,1,0,0,0,0,0,0,0,1,1,1,0,0,0,0,1,1,1,0,1,0,0,0,1,1,1,0,1,0,1,1,1,0,1,0
S0228,1,0,0,1,0,0,0,0,0,0,1,1,0,0,0,0,0,0,0,0,1,1,0,0,1,0,1,0,0,1,0,1,0,0,0,0,0,1,1,1,0,0,0,1
S0229,1,0,0,0,0,0,0,0,0,0,0,1,0,0,0,0,0,0,0,0,0,0,0,0,0,0,0,0,0,0,1,0,0,0,0,0,0,0,0,0,0,0,0,0
S0230,0,0,1,0,0,0,0,0,0,1,1,0,0,0,0,0,0,1,1,0,0,0,0,0,0,0,1,0,1,0,0,1,0,1,1,0,1,0,0,1,0,0,1,0
S0231,1,0,0,0,0,0,0,0,0,0,0,1,0,0,0,0,0,0,0,1,0,1,0,0,0,1,0,0,1,0,0,1,0,0,0,0,1,1,0,0,1,0,1,0
S0232,0,1,0,1,0,0,1,0,0,0,0,0,1,1,0,0,0,1,0,0,0,0,0,1,0,0,1,0,0,0,0,1,0,1,1,1,1,1,0,1,0,0,0,0
S0233,1,0,0,0,0,0,0,0,0,0,0,1,0,0,0,0,0,0,0,0,0,0,0,0,0,0,0,0,0,0,1,0,0,0,0,0,0,0,0,0,0,0,0,0
S0234,0,0,1,0,0,0,0,0,0,0,1,1,0,0,0,0,0,0,0,0,0,1,0,0,0,0,0,0,0,1,0,1,0,1,0,0,1,1,0,1,0,0,0,1
S0235,1,0,0,0,0,0,0,0,0,0,0,1,0,0,0,0,0,0,0,1,0,1,0,0,1,0,0,0,0,1,0,1,0,0,0,0,1,1,1,0,0,0,0,1
S0236,0,1,0,0,0,0,1,0,0,0,0,0,1,0,0,0,0,1,1,1,0,1,0,1,1,0,1,0,0,1,0,0,1,1,1,1,1,1,1,1,0,0,0,1
S0237,0,0,0,1,0,0,1,0,0,0,0,0,1,1,1,0,0,0,1,0,0,0,0,1,1,0,1,0,1,0,0,0,1,0,1,1,0,1,1,1,0,0,1,0
S0238,0,1,0,0,0,0,0,1,0,0,0,0,0,0,0,0,0,0,1,1,0,0,0,0,1,0,0,0,1,1,0,1,0,1,1,0,1,0,1,0,0,0,1,1
S0239,1,1,0,0,0,0,0,0,0,0,1,1,0,0,0,0,0,0,0,1,1,1,0,0,0,0,0,0,1,0,0,1,0,1,0,0,1,1,0,1,0,0,1,0
S0240,0,1,0,0,0,0,0,1,0,0,0,0,0,0,0,0,0,0,0,1,0,0,0,0,0,0,1,0,1,0,0,1,0,1,0,0,1,0,0,1,0,0,1,0
S0241,1,0,0,0,0,0,0,0,0,0,0,1,0,0,0,0,0,0,0,0,0,1,0,0,0,0,0,0,0,1,1,0,0,0,0,0,0,1,0,0,0,0,0,1
S0242,0,0,1,0,0,0,0,0,0,1,0,0,0,0,0,0,0,1,1,1,0,0,0,0,1,0,0,0,1,0,0,1,0,1,1,0,1,0,1,1,0,0,1,0
S0243,0,0,0,1,0,0,0,1,0,0,0,0,0,0,0,0,0,1,0,0,0,0,0,0,1,0,0,0,1,1,1,0,0,0,0,0,0,0,1,0,0,0,1,1
S0244,1,0,0,0,0,0,0,0,0,0,1,1,0,0,0,1,0,0,0,0,0,0,0,0,0,0,1,0,1,1,1,0,0,0,0,0,0,0,0,1,0,0,1,1
S0245,0,0,0,1,0,0,1,0,0,0,1,0,0,0,0,0,0,0,1,1,0,0,0,0,1,0,1,0,1,0,0,0,1,0,1,1,1,0,1,1,0,0,1,0
S0246,1,1,0,1,0,0,0,0,0,0,1,1,0,0,0,0,0,0,0,1,1,1,0,0,0,0,1,0,0,0,0,1,0,1,0,0,1,1,0,1,0,0,0,0
S0247,0,1,1,1,0,0,1,0,0,0,0,0,1,1,1,0,0,1,1,1,0,0,0,0,1,0,1,0,1,1,0,0,1,1,1,1,1,1,1,1,0,0,1,1
S0248,0,0,0,1,0,0,0,0,0,0,0,1,0,0,0,0,0,0,0,1,0,1,0,0,0,1,0,0,1,1,1,0,0,0,0,0,1,1,0,0,1,0,1,1
S0249,0,0,0,1,0,0,0,0,0,1,0,0,0,0,0,0,0,1,1,0,0,1,0,0,1,1,1,0,0,0,0,1,0,0,1,0,0,1,1,1,1,0,1,0
S0250,0,0,0,1,1,0,0,0,0,0,1,1,0,0,0,0,0,0,0,0,0,1,0,0,1,1,0,0,0,0,0,1,0,1,0,0,0,1,1,1,1,0,0,0
S0251,0,0,1,0,0,0,0,1,0,0,0,0,0,0,0,0,0,1,0,0,1,0,0,0,0,0,0,0,1,0,1,0,0,1,0,0,1,1,0,0,0,0,1,0
S0252,0,0,1,1,1,0,1,0,0,0,0,0,1,0,0,0,0,1,1,1,0,0,0,0,0,0,1,0,0,0,0,1,0,1,1,1,1,0,0,1,0,0,0,0
S0253,0,0,1,0,0,0,0,1,0,0,0,0,0,0,0,0,0,0,1,0,0,0,0,0,0,0,0,1,1,1,0,1,0,1,1,0,1,0,0,0,0,1,1,1
S0254,1,0,0,0,0,0,0,0,0,0,0,1,0,0,0,1,0,0,0,0,0,0,0,0,0,0,0,0,0,1,1,0,0,0,0,0,0,0,0,0,0,0,0,1
S0255,0,1,0,0,0,0,1,0,0,0,1,0,1,0,0,0,0,0,1,0,0,0,0,0,1,0,0,0,1,1,0,0,1,1,1,1,1,0,1,1,0,0,1,1
S0256,1,0,0,0,0,0,0,0,1,0,1,0,0,0,0,1,1,0,0,0,0,1,1,0,0,0,1,0,1,1,0,1,0,0,0,0,1,1,0,1,0,0,1,1
S0257,0,0,0,1,0,0,0,1,0,0,0,0,0,0,0,0,0,0,0,1,0,0,0,0,0,0,1,1,1,1,0,1,0,0,0,0,1,0,0,1,0,1,1,1
S0258,0,0,0,1,0,0,0,0,1,0,0,0,0,0,0,1,1,0,0,1,0,0,1,0,1,0,1,0,0,1,0,1,0,0,0,0,1,1,1,1,0,0,1,1
S0259,1,0,0,1,0,0,0,1,0,0,0,0,0,0,0,0,0,1,0,1,0,0,0,0,0,0,1,0,1,1,1,0,0,0,0,0,1,0,0,1,0,0,1,1
S0260,1,0,0,0,0,0,0,0,1,0,0,0,0,0,0,0,1,0,1,0,0,0,0,0,1,0,0,0,0,1,1,0,0,0,1,0,1,0,1,0,0,0,1,1
S0261,1,1,0,0,1,0,0,0,0,0,0,1,0,0,0,1,0,0,0,1,0,0,0,0,1,0,1,0,1,1,0,1,0,1,0,0,1,0,1,1,0,0,1,1
S0262,0,0,0,1,1,0,1,0,0,0,0,0,1,0,0,0,0,1,1,0,0,0,1,1,0,1,1,0,1,1,0,0,1,1,1,1,0,1,0,1,1,0,1,1
S0263,0,1,0,0,0,0,0,0,0,1,0,0,0,0,0,0,0,1,1,0,0,0,0,0,0,0,1,0,1,0,0,1,0,1,1,0,1,0,0,1,0,0,1,0
S0264,1,0,0,0,0,0,0,0,0,0,0,0,0,0,0,0,0,0,0,0,0,0,0,0,1,0,0,0,0,1,1,0,0,0,0,0,0,0,1,0,0,0,0,1
S0265,0,1,0,0,0,0,0,1,0,0,0,0,0,0,0,0,0,0,1,1,0,0,0,0,0,0,1,1,1,1,0,1,0,1,1,0,1,0,0,1,0,1,1,1
S0266,0,1,0,1,0,0,0,0,0,1,0,0,0,0,0,0,0,1,1,1,0,1,0,0,0,1,1,0,1,0,0,1,0,1,1,0,1,1,0,1,1,0,1,0
S0267,1,0,1,0,0,1,1,0,0,0,1,0,1,0,0,0,0,1,1,1,0,0,0,1,0,0,0,0,1,1,0,0,1,1,1,1,1,1,0,1,0,0,1,1
S0268,0,1,1,0,1,1,1,0,0,0,0,0,1,0,0,0,0,1,1,1,0,1,0,0,0,0,1,0,0,1,0,0,1,1,1,1,1,1,0,1,0,0,0,1
S0269,0,0,0,1,0,0,1,0,0,0,1,0,1,0,0,0,0,1,1,0,0,0,0,1,0,0,1,0,1,0,0,1,0,0,1,1,0,1,0,1,0,0,1,0
S0270,0,0,1,0,0,0,0,0,0,1,1,0,0,0,0,0,0,1,1,0,0,1,0,0,0,0,1,0,1,0,0,1,0,1,1,0,1,1,0,1,0,0,1,0
S0271,1,0,0,0,0,0,0,0,1,0,0,0,0,0,0,1,1,0,0,1,0,0,1,0,0,1,1,0,0,0,0,1,0,0,0,0,1,1,0,1,1,0,1,0
S0272,0,0,0,1,0,0,1,0,0,0,0,0,1,0,0,0,0,0,1,1,0,0,1,1,0,1,0,0,0,0,0,0,1,0,1,1,1,1,0,0,1,0,0,0
S0273,1,0,0,0,0,0,0,0,0,0,0,1,0,0,0,0,0,0,0,1,0,0,0,0,1,0,0,0,0,0,1,0,0,0,0,0,1,0,1,0,0,0,0,0
S0274,0,0,0,1,0,0,0,0,1,0,0,0,0,0,0,0,1,0,0,1,1,0,0,0,0,0,0,0,0,1,1,0,0,0,0,0,1,1,0,0,0,0,1,1
S0275,0,0,1,0,0,0,0,1,0,0,0,0,0,0,0,0,0,0,0,1,1,0,0,0,1,1,1,0,1,0,0,0,1,1,0,0,1,1,1,1,1,0,1,0
S0276,1,0,0,1,0,0,0,1,0,0,0,0,0,0,0,0,0,0,1,0,1,0,0,0,0,0,0,0,0,1,1,0,0,0,1,0,0,1,0,0,0,0,0,1
S0277,1,0,0,0,0,0,0,0,0,0,1,1,0,0,0,0,0,0,0,0,0,1,0,0,1,1,0,0,1,1,0,1,0,0,0,0,0,1,1,1,1,0,1,1
S0278,0,1,0,1,0,0,0,1,0,0,0,0,0,0,0,0,0,0,1,0,0,0,0,0,0,1,0,0,1,1,0,1,0,1,1,0,1,0,0,0,1,0,1,1
S0279,0,0,1,0,1,0,1,0,0,0,0,0,1,1,0,0,0,0,1,1,0,0,0,1,1,0,1,0,0,1,0,0,1,1,1,1,1,1,1,1,0,0,0,1
S0280,0,1,1,0,0,1,0,0,0,1,0,0,0,0,0,0,0,1,1,1,0,0,0,0,1,0,0,0,1,0,0,1,0,1,1,0,1,0,1,1,0,0,1,0
S0281,1,0,0,1,0,0,0,0,1,0,0,0,0,0,0,1,1,0,1,0,1,1,0,0,0,0,0,0,0,1,1,0,0,0,1,0,1,1,0,0,0,0,1,1
S0282,0,0,0,1,1,1,1,0,0,0,1,0,1,1,0,0,0,0,1,1,0,0,0,1,0,0,1,0,0,1,0,0,1,1,1,1,1,1,0,1,0,0,0,1
S0283,0,1,0,1,0,0,0,1,0,0,0,0,0,0,0,0,0,0,1,1,1,0,0,0,0,0,1,0,1,1,0,1,0,1,1,0,1,1,0,1,0,0,1,1
S0284,0,0,0,1,0,0,1,0,0,0,0,0,1,1,1,0,0,1,1,1,0,1,0,1,0,0,1,0,0,1,0,0,1,0,1,1,1,1,0,1,0,0,0,1
S0285,0,1,0,0,0,0,0,0,0,1,1,0,0,0,0,0,0,1,1,0,0,0,0,0,0,1,0,0,1,0,0,1,0,1,1,0,1,0,0,1,1,0,1,0
S0286,0,0,1,0,0,0,1,0,0,0,0,0,1,0,0,0,0,1,1,1,0,0,0,1,0,0,1,0,1,0,0,0,1,1,1,1,1,1,0,1,0,0,1,0
S0287,0,1,0,1,0,0,0,1,0,0,0,0,0,0,0,0,0,1,0,1,0,0,0,0,0,1,0,0,0,1,0,1,0,1,0,0,1,0,0,0,1,0,0,1
S0288,1,0,0,0,0,0,0,0,0,0,0,0,0,0,0,0,0,0,0,0,0,1,0,0,0,0,0,0,0,0,1,0,0,0,0,0,0,1,0,0,0,0,0,0
S0289,0,0,0,1,0,0,0,1,0,0,0,0,0,0,0,0,0,0,1,0,1,0,0,0,0,1,0,0,1,0,0,1,0,0,1,0,0,1,0,0,1,0,1,0
S0290,1,0,0,0,0,0,0,0,0,0,0,1,0,0,0,0,0,0,0,1,0,0,0,0,0,0,0,0,0,1,1,0,0,0,0,0,1,0,0,0,0,0,0,1
S0291,0,1,0,0,0,0,1,0,0,0,0,0,1,0,1,0,0,0,1,0,0,1,0,1,0,0,1,0,0,0,0,0,1,1,1,1,1,1,0,1,0,0,0,0
S0292,1,0,0,0,0,0,0,0,0,0,0,1,0,0,0,0,0,0,0,0,1,1,0,0,1,0,1,0,0,1,1,0,0,0,0,0,0,1,1,1,0,0,0,1
S0293,0,0,0,1,0,0,0,0,0,0,0,1,0,0,0,1,0,0,0,0,0,1,0,0,1,0,0,0,0,0,1,0,0,0,0,0,0,1,1,0,0,0,0,0
S0294,1,0,0,0,0,0,0,0,1,0,0,0,0,0,0,1,1,0,1,1,0,1,1,0,1,1,1,0,1,0,0,0,1,0,1,0,1,1,1,1,1,0,1,0
S0295,0,0,0,1,0,0,0,0,1,0,0,0,0,0,0,0,1,0,1,1,0,0,0,0,0,0,0,0,0,0,1,0,0,0,1,0,1,0,0,0,0,0,1,0
S0296,0,1,1,1,1,1,1,0,0,0,0,0,1,0,0,0,0,1,0,1,0,0,0,1,1,1,1,0,1,1,0,0,1,1,1,1,1,1,1,1,1,0,1,1
S0297,0,0,0,1,1,0,0,0,1,0,0,0,0,0,0,0,1,0,1,0,0,1,0,0,0,0,0,0,0,0,0,1,0,1,1,0,1,1,0,0,0,0,1,0
S0298,1,0,0,1,0,0,0,1,0,0,1,0,0,0,0,0,0,0,1,1,1,0,0,0,0,1,0,0,0,1,0,1,0,0,1,0,1,1,0,1,1,0,0,1
S0299,0,0,0,1,1,1,0,0,0,1,0,0,0,0,0,0,0,0,1,1,0,1,0,0,0,1,1,0,1,0,0,0,1,1,1,0,1,1,0,1,1,0,1,0
S0300,1,0,0,0,0,0,0,0,0,0,0,0,0,0,0,0,0,0,0,0,0,1,0,0,0,0,0,0,0,1,1,0,0,0,0,0,0,1,0,0,0,0,0,1
S0301,0,0,1,0,0,0,1,0,0,0,0,0,1,0,1,0,0,1,1,0,0,1,0,0,1,0,1,0,1,1,0,0,1,1,1,1,1,1,1,1,0,0,1,1
S0302,0,0,0,1,0,0,0,0,1,0,0,0,0,0,0,0,1,0,0,1,0,0,0,0,0,1,0,0,0,0,1,0,0,0,0,0,1,0,0,0,1,0,1,0
S0303,0,0,1,0,1,0,1,0,0,0,0,0,1,1,0,0,0,1,1,1,0,0,0,1,1,0,0,0,0,1,0,0,1,1,1,1,1,1,1,0,0,0,0,1
S0304,1,0,0,0,0,0,0,0,1,0,0,0,0,0,0,0,1,0,0,0,0,1,0,0,0,1,0,0,1,0,1,0,0,0,0,0,1,1,0,0,1,0,1,0
S0305,1,0,0,0,0,0,0,0,0,0,1,1,0,0,0,1,0,0,0,0,1,1,0,0,0,0,1,0,1,0,0,1,0,0,0,0,0,1,0,1,0,0,1,0
S0306,0,1,0,0,0,0,0,0,0,0,1,1,0,0,0,0,0,0,0,0,1,1,0,0,1,1,0,0,0,0,0,1,0,1,0,0,1,1,1,1,1,0,0,0
S0307,0,1,0,1,1,0,0,0,0,1,0,0,0,0,0,0,0,1,0,1,0,0,0,0,0,1,0,0,0,0,0,1,0,1,1,0,1,0,0,1,1,0,1,0
S0308,1,0,0,0,0,0,0,0,0,0,0,1,0,0,0,0,0,0,0,0,0,0,0,0,0,0,0,0,0,1,1,0,0,0,0,0,0,0,0,0,0,0,0,1
S0309,0,0,0,1,0,0,0,0,1,0,0,0,0,0,0,0,1,0,1,1,1,1,0,0,0,0,0,0,0,1,0,1,0,0,1,0,1,1,0,0,0,0,1,1
S0310,1,0,0,0,0,0,0,1,0,0,0,0,0,0,0,0,0,0,1,1,0,0,0,0,1,1,0,0,1,0,0,1,0,0,1,0,1,0,1,0,1,0,1,0
S0311,0,1,1,0,0,1,1,0,0,0,0,0,1,0,0,0,0,1,1,0,0,0,0,0,0,0,1,0,0,1,0,1,0,1,1,1,1,0,0,1,0,0,0,1
S0312,1,1,0,0,0,0,0,0,1,0,0,0,0,0,0,0,1,0,0,1,0,1,0,0,0,0,0,0,0,1,1,0,0,1,0,0,1,1,0,0,0,0,1,1
S0313,0,1,0,0,1,0,0,0,1,0,0,0,0,0,0,0,1,0,0,1,0,1,1,0,0,0,0,0,0,1,0,1,0,1,0,0,1,1,0,0,0,0,1,1
S0314,1,0,1,0,1,1,0,0,0,1,1,0,0,0,0,0,0,1,0,1,0,0,0,0,0,1,1,0,0,0,0,0,1,1,1,0,1,0,0,1,1,0,1,0
S0315,0,0,1,1,0,0,1,0,0,0,0,0,1,0,1,0,0,1,1,1,0,1,0,0,1,0,0,0,0,1,0,0,1,1,1,1,1,1,1,0,0,0,0,1
S0316,1,0,0,0,0,0,0,0,0,0,0,1,0,0,0,1,0,0,0,0,0,1,0,0,0,0,0,0,0,1,1,0,0,0,0,0,0,1,0,0,0,0,0,1
S0317,0,1,0,0,0,0,0,1,0,0,0,0,0,0,0,0,0,0,0,0,1,0,0,0,0,0,0,0,1,0,1,0,0,1,0,0,1,1,0,0,0,0,1,0
S0318,0,0,0,1,0,0,0,0,0,0,0,1,0,0,0,0,0,0,0,0,0,1,0,0,1,0,1,0,0,0,1,0,0,0,0,0,0,1,1,1,0,0,0,0
S0319,0,1,0,0,0,0,0,0,1,0,0,0,0,0,0,0,1,0,1,1,1,1,0,0,0,0,0,0,0,0,0,1,0,1,1,0,1,1,0,0,0,0,1,0
S0320,1,0,0,0,0,0,0,0,0,0,0,0,0,0,0,0,0,0,0,1,0,0,0,0,1,0,0,0,0,1,1,0,0,0,0,0,1,0,1,0,0,0,0,1
S0321,1,0,0,0,0,0,0,0,0,0,0,1,0,0,0,0,0,0,0,1,0,0,0,0,0,0,0,0,0,0,1,0,0,0,0,0,1,0,0,0,0,0,0,0
S0322,1,0,0,0,0,0,0,0,1,0,0,0,0,0,0,0,1,0,0,1,1,1,1,0,0,0,1,0,0,0,0,1,0,0,0,0,1,1,0,1,0,0,1,0
S0323,1,0,0,0,0,0,0,0,1,0,0,0,0,0,0,0,1,0,0,1,0,0,1,0,0,0,1,0,0,0,1,0,0,0,0,0,1,1,0,1,0,0,1,0
S0324,0,1,0,1,0,0,0,0,0,1,1,0,0,0,0,0,0,0,1,1,0,0,0,0,1,1,1,0,0,0,0,0,1,1,1,0,1,0,1,1,1,0,1,0
S0325,0,1,0,0,0,0,0,0,1,0,0,0,0,0,0,0,1,0,1,1,0,0,0,0,1,1,0,0,0,0,0,1,0,1,1,0,1,0,1,0,1,0,1,0
S0326,1,1,0,0,0,0,0,1,0,0,0,0,0,0,0,0,0,0,0,1,1,0,0,0,0,0,1,0,0,0,0,1,0,1,0,0,1,1,0,1,0,0,0,0
S0327,0,1,0,0,0,0,0,0,1,0,1,0,0,0,0,0,1,0,1,1,0,1,0,0,1,0,0,0,1,0,0,0,1,1,1,0,1,1,1,1,0,0,1,0
S0328,0,1,0,0,0,0,0,0,0,0,0,1,0,0,0,0,0,0,0,1,0,1,0,0,0,0,1,0,0,0,0,1,0,1,0,0,1,1,0,1,0,0,0,0
S0329,1,0,0,0,0,0,0,0,0,0,0,0,0,0,0,0,0,0,0,0,0,0,0,0,0,0,0,0,0,0,1,0,0,0,0,0,0,0,0,0,0,0,0,0
S0330,0,0,1,0,0,0,0,0,0,0,1,1,0,0,0,1,0,0,0,1,0,0,0,0,0,0,0,0,0,1,0,1,0,1,0,0,1,0,0,1,0,0,0,1
S0331,0,0,1,0,0,0,0,1,0,0,0,0,0,0,0,0,0,0,0,0,1,0,0,0,0,0,1,1,1,1,0,1,0,1,0,0,1,1,0,1,0,1,1,1
S0332,1,0,0,0,0,0,0,0,0,0,0,0,0,0,0,0,0,0,0,0,0,1,0,0,0,0,0,0,0,0,1,0,0,0,0,0,0,1,0,0,0,0,0,0
S0333,0,1,1,1,1,0,1,0,0,0,0,0,1,1,0,0,0,0,1,1,0,0,0,1,1,0,1,0,1,0,0,0,1,1,1,1,1,1,1,1,0,0,1,0
S0334,0,0,0,1,0,0,0,0,0,1,1,0,0,0,0,0,0,1,1,1,0,0,0,0,0,0,1,0,1,0,0,1,0,0,1,0,1,0,0,1,0,0,1,0
S0335,0,1,0,0,0,0,0,0,0,1,0,0,0,0,0,0,0,1,1,1,0,1,0,0,0,1,1,0,1,0,0,0,1,1,1,0,1,1,0,1,1,0,1,0
S0336,0,1,0,0,1,0,1,0,0,0,1,0,1,0,0,0,0,1,1,1,0,0,0,0,0,0,1,0,0,1,0,0,1,1,1,1,1,0,0,1,0,0,0,1
S0337,0,1,0,1,0,0,0,0,1,0,0,0,0,0,0,0,1,0,0,1,1,1,0,0,0,1,1,0,0,0,0,1,0,1,0,0,1,1,0,1,1,0,1,0
S0338,0,0,0,1,0,0,0,0,0,1,0,0,0,0,0,0,0,1,1,0,0,1,0,0,0,0,0,0,0,1,1,0,0,0,1,0,0,1,0,1,0,0,1,1
S0339,1,0,0,1,0,0,0,0,0,0,1,1,0,0,0,1,0,0,0,0,0,1,0,0,0,1,0,0,1,0,0,1,0,0,0,0,0,1,0,1,1,0,1,0
S0340,0,1,0,0,0,0,0,0,0,0,0,1,0,0,0,0,0,0,0,0,0,1,0,0,1,1,1,0,1,1,0,1,0,1,0,0,1,1,1,1,1,0,1,1
S0341,1,1,0,0,0,0,0,0,1,0,1,0,0,0,0,1,1,0,1,1,0,0,0,0,0,1,1,0,1,1,0,0,1,1,1,0,1,0,0,1,1,0,1,1
S0342,0,0,0,1,0,0,1,0,0,0,0,0,1,0,0,0,0,0,1,0,0,0,0,0,0,0,1,0,1,0,0,1,0,0,1,1,0,0,0,1,0,0,1,0
S0343,0,0,1,0,1,0,0,0,1,0,0,0,0,0,0,0,1,0,1,0,1,0,0,0,0,1,1,0,0,0,0,1,0,1,1,0,1,1,0,1,1,0,1,0
S0344,0,1,0,0,1,1,0,0,0,1,1,0,0,0,0,0,0,1,1,1,0,1,0,0,1,1,0,0,1,1,0,0,1,1,1,0,1,1,1,1,1,0,1,1
S0345,1,0,0,0,0,0,0,0,0,1,0,0,0,0,0,0,0,0,1,0,0,1,0,0,1,0,0,0,0,0,1,0,0,0,1,0,0,1,1,1,0,0,1,0
S0346,1,0,0,0,0,0,0,0,0,0,0,1,0,0,0,0,0,0,0,0,0,1,0,0,0,0,0,0,0,0,1,0,0,0,0,0,0,1,0,0,0,0,0,0
S0347,0,0,1,1,1,0,1,0,0,0,1,0,1,0,1,0,0,1,1,0,0,0,0,1,0,0,0,0,1,1,0,0,1,1,1,1,1,1,0,1,0,0,1,1
S0348,1,0,0,0,0,0,0,0,0,0,0,0,0,0,0,0,0,0,0,0,1,0,0,0,0,0,0,0,0,1,1,0,0,0,0,0,0,1,0,0,0,0,0,1
S0349,1,0,0,1,0,0,0,0,0,0,0,1,0,0,0,0,0,0,0,1,0,1,0,0,0,0,0,0,0,1,1,0,0,0,0,0,1,1,0,0,0,0,0,1
S0350,1,0,0,0,0,0,0,0,0,0,0,1,0,0,0,0,0,0,0,0,0,0,0,0,0,0,0,0,0,0,1,0,0,0,0,0,0,0,0,0,0,0,0,0
S0351,0,1,0,0,0,0,0,0,0,0,0,1,0,0,0,0,0,0,0,0,1,1,0,0,1,0,0,0,1,0,0,1,0,1,0,0,1,1,1,0,0,0,1,0
S0352,0,1,0,0,1,0,0,1,0,0,0,0,0,0,0,0,0,0,0,1,0,0,0,0,1,0,0,0,0,0,0,1,0,1,0,0,1,0,1,0,0,0,0,0
S0353,0,0,0,1,0,0,0,0,0,0,1,1,0,0,0,0,0,0,0,1,0,1,0,0,1,0,0,0,1,1,0,1,0,0,0,0,1,1,1,1,0,0,1,1
S0354,1,0,0,0,0,0,0,0,1,0,0,0,0,0,0,0,1,0,1,1,0,1,0,0,0,1,1,0,0,1,0,1,0,0,1,0,1,1,0,1,1,0,1,1
S0355,0,0,0,1,0,0,0,0,1,0,0,0,0,0,0,0,1,0,1,1,1,0,1,0,0,0,1,0,0,1,0,1,0,0,1,0,1,1,0,1,0,0,1,1
S0356,0,0,0,1,0,0,0,1,0,0,0,0,0,0,0,0,0,0,0,0,0,0,0,0,0,0,0,0,1,1,1,0,0,0,0,0,0,0,0,0,0,0,1,1
S0357,1,0,0,1,0,0,0,0,0,0,0,1,0,0,0,0,0,0,0,1,1,1,0,0,0,0,1,0,1,1,0,1,0,0,0,0,1,1,0,1,0,0,1,1
S0358,0,1,0,1,0,0,0,0,0,1,0,0,0,0,0,0,0,1,1,1,0,1,0,0,0,1,1,0,0,1,0,1,0,1,1,0,1,1,0,1,1,0,1,1
S0359,1,0,0,1,0,0,0,0,1,0,0,0,0,0,0,0,1,0,1,1,1,1,1,0,1,0,1,0,1,0,0,0,1,0,1,0,1,1,1,1,0,0,1,0
S0360,1,1,0,1,0,0,0,0,0,0,0,1,0,0,0,0,0,0,0,1,1,1,0,0,1,0,0,0,0,1,0,1,0,1,0,0,1,1,1,0,0,0,0,1
S0361,0,0,0,1,1,0,1,0,0,0,1,0,1,0,1,0,0,0,1,0,0,0,0,1,0,1,1,0,0,0,0,0,1,1,1,1,0,1,0,1,1,0,0,0
S0362,1,1,0,0,0,0,0,0,0,0,0,1,0,0,0,0,0,0,0,0,1,0,0,0,1,0,0,0,1,1,0,1,0,1,0,0,1,1,1,0,0,0,1,1
S0363,0,0,0,1,0,0,0,0,0,0,0,1,0,0,0,0,0,0,0,0,0,1,0,0,1,0,1,0,1,0,0,1,0,0,0,0,0,1,1,1,0,0,1,0
S0364,0,0,1,0,0,0,1,0,0,0,0,0,1,0,0,0,0,0,1,1,0,1,1,0,0,0,1,0,0,0,0,0,1,1,1,1,1,1,0,1,0,0,0,0
S0365,0,1,1,1,0,0,1,0,0,0,0,0,1,0,0,0,0,0,1,1,0,0,1,0,0,0,1,0,0,0,0,0,1,1,1,1,1,1,0,1,0,0,0,0
S0366,0,0,0,1,0,0,1,0,0,0,0,0,1,0,0,0,0,0,1,1,0,0,1,0,0,0,1,0,0,1,0,1,0,0,1,1,1,1,0,1,0,0,0,1
S0367,1,0,0,0,0,0,0,0,0,0,0,0,0,0,0,0,0,0,0,0,0,0,0,0,0,1,0,0,0,1,1,0,0,0,0,0,0,0,0,0,1,0,0,1
S0368,0,1,0,0,0,0,0,0,0,1,1,0,0,0,0,0,0,1,0,0,0,1,0,0,1,1,1,0,1,0,0,1,0,1,1,0,1,1,1,1,1,0,1,0
S0369,1,0,0,0,0,0,0,1,0,0,0,0,0,0,0,0,0,1,0,1,1,0,0,0,0,1,0,0,1,0,0,1,0,0,0,0,1,1,0,0,1,0,1,0
S0370,0,1,1,0,1,1,1,0,0,0,1,0,1,0,0,0,0,1,0,1,0,0,0,0,0,0,1,0,0,0,0,0,1,1,1,1,1,0,0,1,0,0,0,0
S0371,0,0,0,1,0,0,0,0,0,1,0,0,0,0,0,0,0,1,1,1,0,1,0,0,0,0,1,0,1,0,0,1,0,0,1,0,1,1,0,1,0,0,1,0
S0372,0,0,0,1,0,0,0,1,0,0,1,0,0,0,0,0,0,0,0,0,0,0,0,0,0,0,0,0,1,0,1,0,0,0,0,0,0,0,0,1,0,0,1,0
S0373,0,1,0,0,0,0,0,0,0,1,0,0,0,0,0,0,0,0,1,1,0,1,0,0,1,1,1,0,1,0,0,0,1,1,1,0,1,1,1,1,1,0,1,0
S0374,0,1,0,1,0,0,0,0,1,0,1,0,0,0,0,0,1,0,0,1,0,1,1,0,0,0,1,0,0,1,0,1,0,1,0,0,1,1,0,1,0,0,1,1
S0375,1,0,0,0,0,0,0,0,0,0,0,0,0,0,0,0,0,0,0,0,0,0,0,0,0,0,0,0,0,0,1,0,0,0,0,0,0,0,0,0,0,0,0,0
S0376,1,0,0,0,0,0,0,0,0,0,0,1,0,0,0,0,0,0,0,0,0,0,0,0,0,0,0,0,0,1,1,0,0,0,0,0,0,0,0,0,0,0,0,1
S0377,1,0,0,1,1,0,0,0,0,0,0,1,0,0,0,1,0,0,0,1,0,1,0,0,0,0,0,0,0,1,1,0,0,1,0,0,1,1,0,0,0,0,0,1
S0378,0,1,0,0,0,0,0,0,0,1,1,0,0,0,0,0,0,1,1,1,0,0,0,0,0,0,1,0,1,1,0,1,0,1,1,0,1,0,0,1,0,0,1,1
S0379,1,0,0,0,0,0,0,0,0,0,0,0,0,0,0,0,0,0,0,0,0,1,0,0,0,0,0,0,0,1,1,0,0,0,0,0,0,1,0,0,0,0,0,1
S0380,0,1,0,0,0,0,0,0,1,0,0,0,0,0,0,0,1,0,1,1,0,1,0,0,0,0,1,0,1,1,0,1,0,1,1,0,1,1,0,1,0,0,1,1
S0381,0,0,0,1,0,0,0,1,0,0,0,0,0,0,0,0,0,0,0,0,1,0,0,0,0,0,0,0,1,0,1,0,0,0,0,0,0,1,0,0,0,0,1,0
S0382,0,0,0,1,0,0,0,0,1,0,0,0,0,0,0,0,1,0,0,0,0,1,0,0,0,1,0,0,0,1,1,0,0,0,0,0,1,1,0,0,1,0,1,1
S0383,0,1,0,0,1,0,0,0,1,0,0,0,0,0,0,0,1,0,0,1,0,1,1,0,1,0,0,0,1,0,0,0,1,1,0,0,1,1,1,0,0,0,1,0
S0384,1,0,0,0,0,0,0,0,0,0,0,1,0,0,0,0,0,0,0,0,0,0,0,0,0,0,1,0,0,1,1,0,0,0,0,0,0,0,0,1,0,0,0,1
S0385,0,0,1,0,1,0,1,0,0,0,1,0,1,1,1,0,0,0,1,0,0,0,1,1,0,0,1,0,0,0,0,0,1,1,1,1,1,1,0,1,0,0,0,0
S0386,0,0,1,0,0,0,1,0,0,0,0,0,1,0,0,0,0,1,1,0,0,0,0,1,1,0,0,0,1,0,0,1,0,1,1,1,1,1,1,0,0,0,1,0
S0387,1,0,0,1,0,0,0,0,1,0,0,0,0,0,0,0,1,0,1,0,1,0,0,0,0,1,0,0,0,0,1,0,0,0,1,0,1,1,0,0,1,0,1,0
S0388,1,0,0,0,0,0,0,0,0,0,0,1,0,0,0,0,0,0,0,0,0,1,0,0,0,0,1,0,0,0,1,0,0,0,0,0,0,1,0,1,0,0,0,0
S0389,0,0,0,1,1,0,0,0,1,0,0,0,0,0,0,0,1,0,0,1,0,1,0,0,1,0,0,0,1,1,0,1,0,1,0,0,1,1,1,0,0,0,1,1
S0390,0,1,0,0,1,0,1,0,0,0,1,0,1,0,0,0,0,1,1,1,0,0,0,0,1,0,1,0,0,1,0,0,1,1,1,1,1,0,1,1,0,0,0,1
S0391,1,1,0,1,0,0,0,0,1,0,0,0,0,0,0,0,1,0,0,0,0,1,1,0,0,1,1,0,0,1,0,1,0,1,0,0,1,1,0,1,1,0,1,1
S0392,0,0,1,1,0,0,1,0,0,0,0,0,1,0,0,0,0,1,1,1,0,1,0,0,1,0,0,0,0,1,0,0,1,1,1,1,1,1,1,0,0,0,0,1
S0393,0,0,0,1,0,0,0,0,0,0,1,1,0,0,0,0,0,0,0,0,0,1,0,0,0,0,0,0,1,1,1,0,0,0,0,0,0,1,0,1,0,0,1,1
S0394,0,0,0,1,0,0,0,1,0,0,0,0,0,0,0,0,0,1,0,1,1,0,0,0,0,1,0,0,0,0,0,1,0,0,0,0,1,1,0,0,1,0,0,0
S0395,0,0,1,1,0,0,1,0,0,0,0,0,1,0,0,0,0,1,1,0,0,0,0,0,1,0,1,0,1,0,0,1,0,1,1,1,1,0,1,1,0,0,1,0
S0396,0,0,1,0,1,0,1,0,0,0,1,0,1,0,0,0,0,1,1,1,0,0,0,0,0,1,0,0,1,0,0,0,1,1,1,1,1,0,0,1,1,0,1,0
S0397,1,0,0,0,0,0,0,0,1,0,1,0,0,0,0,0,1,0,0,0,0,1,0,0,0,0,0,0,0,0,1,0,0,0,0,0,1,1,0,1,0,0,1,0
S0398,0,1,0,0,0,0,0,1,0,0,0,0,0,0,0,0,0,1,0,0,1,0,0,0,0,0,1,0,0,1,1,0,0,1,0,0,1,1,0,1,0,0,0,1
S0399,0,1,0,0,0,0,0,1,0,0,0,0,0,0,0,0,0,0,0,0,0,0,0,0,0,0,1,0,1,0,1,0,0,1,0,0,1,0,0,1,0,0,1,0
S0400,0,0,0,1,0,0,0,1,0,0,0,0,0,0,0,0,0,1,0,0,0,0,0,0,0,0,0,0,1,1,1,0,0,0,0,0,0,0,0,0,0,0,1,1
S0401,0,0,1,0,0,0,0,1,0,0,0,0,0,0,0,0,0,0,0,1,0,0,0,0,0,0,1,0,0,1,1,0,0,1,0,0,1,0,0,1,0,0,0,1
S0402,1,0,0,0,0,0,0,0,0,0,0,1,0,0,0,0,0,0,0,0,0,0,0,0,0,0,0,0,0,1,1,0,0,0,0,0,0,0,0,0,0,0,0,1
S0403,0,1,0,1,1,0,0,0,0,1,1,0,0,0,0,0,0,1,1,1,0,0,0,0,1,0,1,0,1,1,0,0,1,1,1,0,1,0,1,1,0,0,1,1
S0404,1,1,0,0,1,0,0,0,0,0,0,1,0,0,0,1,0,0,0,1,1,1,0,0,0,0,0,0,0,1,0,1,0,1,0,0,1,1,0,0,0,0,0,1
S0405,1,0,0,1,0,0,0,0,0,0,0,1,0,0,0,0,0,0,0,0,0,1,0,0,0,0,0,0,0,1,1,0,0,0,0,0,0,1,0,0,0,0,0,1
S0406,1,0,0,0,0,0,0,0,0,0,0,0,0,0,0,0,0,0,0,0,0,0,0,0,0,0,0,0,0,0,1,0,0,0,0,0,0,0,0,0,0,0,0,0
S0407,0,1,0,1,1,0,1,0,0,0,0,0,1,1,0,0,0,0,0,0,0,0,0,1,1,1,1,0,0,0,0,0,1,1,1,1,1,1,1,1,1,0,0,0
S0408,1,0,0,0,0,0,0,0,0,0,0,0,0,0,0,0,0,0,0,0,0,0,0,0,0,0,0,0,0,0,1,0,0,0,0,0,0,0,0,0,0,0,0,0
S0409,0,1,0,0,0,0,0,0,1,0,0,0,0,0,0,0,1,0,0,1,1,1,0,0,1,0,0,0,0,0,0,1,0,1,0,0,1,1,1,0,0,0,1,0
S0410,1,0,0,0,0,0,0,0,0,0,0,0,0,0,0,0,0,0,0,0,0,0,0,0,0,0,0,0,0,1,1,0,0,0,0,0,0,0,0,0,0,0,0,1
S0411,0,0,0,1,0,0,0,0,0,0,0,1,0,0,0,0,0,0,0,1,1,1,0,0,0,0,1,0,1,0,0,1,0,0,0,0,1,1,0,1,0,0,1,0
S0412,0,0,1,0,0,0,0,0,0,1,0,0,0,0,0,0,0,1,1,1,0,0,0,0,1,0,0,0,1,0,0,1,0,1,1,0,1,0,1,1,0,0,1,0
S0413,0,1,1,0,1,0,0,0,0,1,0,0,0,0,0,0,0,0,0,1,0,0,0,0,0,0,0,0,1,1,0,1,0,1,1,0,1,0,0,1,0,0,1,1
S0414,0,1,0,0,0,0,0,0,0,1,1,0,0,0,0,0,0,1,1,1,0,0,0,0,1,0,1,0,0,0,0,1,0,1,1,0,1,0,1,1,0,0,1,0
S0415,0,0,0,1,0,0,0,0,1,0,0,0,0,0,0,0,1,0,1,0,0,1,0,0,0,1,1,0,0,1,0,1,0,0,1,0,1,1,0,1,1,0,1,1
S0416,1,0,0,0,0,0,0,0,0,0,0,0,0,0,0,0,0,0,0,0,0,1,0,0,0,0,0,0,0,0,1,0,0,0,0,0,0,1,0,0,0,0,0,0
S0417,0,0,0,1,0,0,0,0,0,0,0,1,0,0,0,0,0,0,0,0,1,1,0,0,1,0,0,0,1,1,0,1,0,0,0,0,0,1,1,0,0,0,1,1
S0418,0,0,0,1,0,0,0,1,0,0,0,0,0,0,0,0,0,0,1,1,0,0,0,0,0,1,0,1,1,0,0,1,0,0,1,0,1,0,0,0,1,1,1,0
S0419,0,0,1,0,0,0,1,0,0,0,0,0,1,0,0,0,0,1,1,1,0,1,0,0,1,0,0,0,1,1,0,0,1,1,1,1,1,1,1,0,0,0,1,1
S0420,1,0,0,0,0,0,0,0,0,0,0,1,0,0,0,1,0,0,0,0,0,1,0,0,0,0,0,0,0,1,1,0,0,0,0,0,0,1,0,0,0,0,0,1
S0421,0,1,1,0,1,1,0,0,0,1,0,0,0,0,0,0,0,1,1,0,0,0,0,0,1,0,1,0,1,1,0,1,0,1,1,0,1,0,1,1,0,0,1,1
S0422,0,1,0,0,0,0,0,0,0,1,0,0,0,0,0,0,0,1,1,1,0,0,0,0,0,0,1,0,1,0,0,1,0,1,1,0,1,0,0,1,0,0,1,0
S0423,0,0,1,0,0,0,0,0,1,0,0,0,0,0,0,0,1,0,1,0,1,0,1,0,0,0,0,0,0,0,0,1,0,1,1,0,1,1,0,0,0,0,1,0
S0424,0,1,0,0,0,0,0,1,0,0,0,0,0,0,0,0,0,0,0,0,1,0,0,0,0,0,0,1,1,1,0,1,0,1,0,0,1,1,0,0,0,1,1,1
S0425,1,0,0,0,1,0,0,0,0,0,0,1,0,0,0,0,0,0,0,1,0,0,0,0,0,0,1,0,0,0,0,1,0,1,0,0,1,0,0,1,0,0,0,0
S0426,0,0,0,1,0,0,0,0,0,0,0,1,0,0,0,1,0,0,0,1,0,0,0,0,1,0,0,0,0,1,1,0,0,0,0,0,1,0,1,0,0,0,0,1
S0427,1,0,0,0,0,0,0,0,0,1,0,0,0,0,0,0,0,1,1,0,0,1,0,0,0,0,0,0,0,0,1,0,0,0,1,0,0,1,0,1,0,0,1,0
S0428,0,1,0,1,1,0,1,0,0,0,0,0,1,0,0,0,0,0,0,1,0,0,0,1,0,0,0,0,0,0,0,1,0,1,1,1,1,1,0,0,0,0,0,0
S0429,1,0,0,0,0,0,0,0,0,0,0,1,0,0,0,1,0,0,0,0,0,1,0,0,0,0,0,0,0,1,1,0,0,0,0,0,0,1,0,0,0,0,0,1
S0430,1,0,0,1,0,0,0,0,1,0,0,0,0,0,0,0,1,0,1,1,1,1,0,0,1,0,0,0,1,1,0,1,0,0,1,0,1,1,1,0,0,0,1,1
S0431,1,0,0,0,0,0,0,0,0,0,0,1,0,0,0,0,0,0,0,0,0,0,0,0,1,0,0,0,0,0,1,0,0,0,0,0,0,0,1,0,0,0,0,0
S0432,1,0,0,0,1,0,1,0,0,0,0,0,1,0,0,0,0,1,0,0,0,1,0,1,0,1,0,0,1,0,0,1,0,1,1,1,0,1,0,0,1,0,1,0
S0433,1,0,0,0,0,0,0,1,0,0,0,0,0,0,0,0,0,1,0,0,0,0,0,0,0,0,1,1,0,0,1,0,0,0,0,0,0,0,0,1,0,1,0,0
S0434,1,1,0,0,0,0,0,1,0,0,0,0,0,0,0,0,0,1,1,1,1,0,0,0,0,0,1,0,1,0,0,1,0,1,1,0,1,1,0,1,0,0,1,0
S0435,0,0,0,1,0,0,0,0,1,0,1,0,0,0,0,0,1,0,1,1,0,1,1,0,0,0,1,0,0,0,0,1,0,0,1,0,1,1,0,1,0,0,1,0
S0436,0,0,0,1,0,0,0,1,0,0,0,0,0,0,0,0,0,1,0,0,1,0,0,0,0,1,0,0,0,1,1,0,0,0,0,0,0,1,0,0,1,0,0,1
S0437,1,0,0,0,0,0,1,0,0,0,1,0,1,0,1,0,0,0,1,0,0,0,0,1,0,0,1,0,1,0,0,0,1,0,1,1,0,1,0,1,0,0,1,0
S0438,0,0,1,0,0,0,1,0,0,0,0,0,1,1,0,0,0,1,1,1,0,1,1,1,1,0,0,0,0,0,0,0,1,1,1,1,1,1,1,0,0,0,0,0
S0439,0,1,0,0,0,0,0,1,0,0,0,0,0,0,0,0,0,0,1,0,0,0,0,0,0,1,0,0,0,1,0,1,0,1,1,0,1,0,0,0,1,0,0,1
S0440,1,0,0,1,1,0,0,0,0,0,0,1,0,0,0,1,0,0,0,0,1,0,0,0,0,0,0,0,0,1,1,0,0,1,0,0,0,1,0,0,0,0,0,1
S0441,1,0,0,0,0,0,0,0,0,0,0,0,0,0,0,0,0,0,0,0,0,0,0,0,0,0,0,0,0,1,1,0,0,0,0,0,0,0,0,0,0,0,0,1
S0442,1,0,0,0,1,0,0,1,0,0,0,0,0,0,0,0,0,0,1,0,0,0,0,0,0,1,1,1,1,0,0,1,0,1,1,0,0,0,0,1,1,1,1,0
S0443,0,0,0,1,0,0,0,1,0,0,0,0,0,0,0,0,0,0,0,1,0,0,0,0,0,0,1,1,1,1,0,1,0,0,0,0,1,0,0,1,0,1,1,1
S0444,1,0,0,0,0,0,0,0,0,0,0,0,0,0,0,0,0,0,0,0,0,1,0,0,0,0,0,0,0,0,1,0,0,0,0,0,0,1,0,0,0,0,0,0
S0445,1,1,0,0,0,0,0,1,0,0,0,0,0,0,0,0,0,1,0,1,0,0,0,0,1,0,1,0,1,0,0,1,0,1,0,0,1,0,1,1,0,0,1,0
S0446,0,0,1,0,0,0,0,0,0,0,0,1,0,0,0,1,0,0,0,1,0,1,0,0,0,1,1,0,1,1,0,1,0,1,0,0,1,1,0,1,1,0,1,1
S0447,0,0,1,1,1,1,1,0,0,0,0,0,0,0,0,0,0,1,1,1,0,1,0,1,0,0,0,0,1,1,0,0,1,1,1,1,1,1,0,0,0,0,1,1
S0448,0,1,0,0,0,0,0,0,1,0,1,0,0,0,0,0,1,0,1,1,0,1,0,0,0,1,0,0,0,0,0,1,0,1,1,0,1,1,0,1,1,0,1,0
S0449,0,1,0,0,1,0,0,1,0,0,0,0,0,0,0,0,0,1,0,1,1,0,0,0,0,0,0,0,1,1,0,1,0,1,0,0,1,1,0,0,0,0,1,1
S0450,0,1,0,0,0,0,1,0,0,0,1,0,1,0,0,0,0,1,1,1,0,1,1,0,0,0,1,0,1,0,0,0,1,1,1,1,1,1,0,1,0,0,1,0
S0451,0,1,0,1,1,0,0,0,1,0,0,0,0,0,0,0,1,0,1,1,0,1,0,0,0,0,1,0,1,0,0,0,1,1,1,0,1,1,0,1,0,0,1,0
S0452,1,0,0,0,0,0,0,0,0,0,0,1,0,0,0,0,0,0,0,0,0,0,0,0,0,0,0,0,0,1,1,0,0,0,0,0,0,0,0,0,0,0,0,1
S0453,1,0,0,1,0,0,0,0,0,0,1,1,0,0,0,1,0,0,0,0,0,1,0,0,1,0,1,0,1,1,0,1,0,0,0,0,0,1,1,1,0,0,1,1
S0454,1,0,0,1,1,0,0,1,0,0,1,0,0,0,0,0,0,0,0,1,1,0,0,0,0,0,0,0,1,1,0,1,0,1,0,0,1,1,0,1,0,0,1,1
S0455,0,0,0,1,0,0,0,0,0,0,1,1,0,0,0,0,0,0,0,1,0,1,0,0,0,0,1,0,1,1,0,1,0,0,0,0,1,1,0,1,0,0,1,1
S0456,1,0,0,0,0,0,0,0,0,0,0,1,0,0,0,0,0,0,0,0,0,0,0,0,0,0,0,0,0,1,1,0,0,0,0,0,0,0,0,0,0,0,0,1
S0457,1,0,0,0,0,0,0,0,1,0,0,0,0,0,0,0,1,0,0,1,0,0,0,0,1,1,0,0,1,0,0,1,0,0,0,0,1,0,1,0,1,0,1,0
S0458,0,1,0,1,1,0,0,0,1,0,0,0,0,0,0,0,1,0,0,1,0,0,0,0,0,0,0,0,0,1,0,1,0,1,0,0,1,0,0,0,0,0,1,1
S0459,0,0,0,1,1,0,0,0,1,0,0,0,0,0,0,0,1,0,1,0,1,0,0,0,0,1,1,0,0,0,0,1,0,1,1,0,1,1,0,1,1,0,1,0
S0460,0,1,0,0,0,0,0,0,1,0,0,0,0,0,0,0,1,0,0,1,0,1,1,0,0,0,0,0,0,1,0,1,0,1,0,0,1,1,0,0,0,0,1,1
S0461,1,0,0,0,0,0,0,0,0,0,0,1,0,0,0,0,0,0,0,0,0,1,0,0,0,0,0,0,0,1,1,0,0,0,0,0,0,1,0,0,0,0,0,1
S0462,0,1,0,0,0,0,0,0,0,0,0,0,0,0,0,0,0,0,0,0,1,1,0,0,0,0,0,0,0,0,1,0,0,1,0,0,1,1,0,0,0,0,0,0
S0463,1,0,0,0,0,0,0,1,0,0,0,0,0,0,0,0,0,0,0,0,0,0,0,0,0,0,0,0,0,0,1,0,0,0,0,0,0,0,0,0,0,0,0,0
S0464,1,0,0,0,0,0,1,0,0,0,0,0,1,1,0,0,0,1,1,1,0,0,0,1,1,0,0,0,1,1,0,0,1,0,1,1,1,1,1,0,0,0,1,1
S0465,0,1,1,1,0,0,0,0,0,1,1,0,0,0,0,0,0,1,1,1,0,1,0,0,0,0,1,0,1,0,0,0,1,1,1,0,1,1,0,1,0,0,1,0
S0466,0,0,0,1,0,0,0,0,1,0,0,0,0,0,0,0,1,0,0,0,0,1,1,0,0,1,1,0,0,1,1,0,0,0,0,0,1,1,0,1,1,0,1,1
S0467,0,1,1,1,1,1,0,0,0,1,0,0,0,0,0,0,0,1,0,1,0,0,0,0,0,0,0,0,1,0,0,1,0,1,1,0,1,0,0,1,0,0,1,0
S0468,1,0,0,1,1,0,0,0,0,0,0,1,0,0,0,0,0,0,0,0,0,1,0,0,0,0,0,0,1,1,1,0,0,1,0,0,0,1,0,0,0,0,1,1
S0469,1,0,0,0,0,0,0,0,0,0,0,0,0,0,0,0,0,0,0,0,0,1,0,0,0,0,0,0,0,1,1,0,0,0,0,0,0,1,0,0,0,0,0,1
S0470,0,0,0,1,0,0,0,0,0,1,0,0,0,0,0,0,0,1,1,1,0,0,0,0,0,1,0,0,0,1,0,1,0,0,1,0,1,0,0,1,1,0,1,1
S0471,0,1,1,0,1,1,0,0,0,1,0,0,0,0,0,0,0,1,1,1,0,1,0,0,1,1,1,0,0,0,0,0,1,1,1,0,1,1,1,1,1,0,1,0
S0472,0,0,0,1,0,0,0,0,1,0,1,0,0,0,0,1,1,0,0,1,1,0,0,0,0,1,1,0,0,0,0,1,0,0,0,0,1,1,0,1,1,0,1,0
S0473,1,0,0,0,0,0,0,0,0,0,0,0,0,0,0,0,0,0,0,0,0,0,0,0,0,1,1,0,0,1,1,0,0,0,0,0,0,0,0,1,1,0,0,1
S0474,0,0,0,1,1,0,0,1,0,0,0,0,0,0,0,0,0,1,0,1,1,0,0,0,0,0,0,0,1,0,0,1,0,1,0,0,1,1,0,0,0,0,1,0
S0475,1,0,0,0,0,0,0,1,0,0,0,0,0,0,0,0,0,0,1,1,0,0,0,0,0,0,0,0,1,1,0,1,0,0,1,0,1,0,0,0,0,0,1,1
S0476,1,0,0,0,1,0,0,0,1,0,1,0,0,0,0,0,1,0,1,0,0,0,0,0,1,1,1,0,0,1,0,1,0,1,1,0,1,0,1,1,1,0,1,1
S0477,0,1,0,1,1,0,0,0,1,0,0,0,0,0,0,0,1,0,0,1,0,1,1,0,0,0,0,0,0,1,0,1,0,1,0,0,1,1,0,0,0,0,1,1
S0478,0,1,0,0,0,0,0,1,0,0,0,0,0,0,0,0,0,1,1,1,1,0,0,0,0,0,0,0,0,0,0,1,0,1,1,0,1,1,0,0,0,0,0,0
S0479,1,0,0,0,1,0,1,0,0,0,0,0,1,1,0,0,0,1,1,1,0,1,0,1,0,0,0,0,0,0,0,0,1,1,1,1,1,1,0,0,0,0,0,0
S0480,1,0,0,0,0,0,0,0,0,0,0,0,0,0,0,0,0,0,0,1,0,0,0,0,0,0,1,0,0,0,1,0,0,0,0,0,1,0,0,1,0,0,0,0
S0481,1,0,0,0,0,0,0,0,0,0,0,1,0,0,0,0,0,0,0,0,0,0,0,0,0,0,0,0,0,0,1,0,0,0,0,0,0,0,0,0,0,0,0,0
S0482,0,1,0,0,0,0,1,0,0,0,1,0,1,0,0,0,0,0,1,1,0,1,0,1,1,0,0,0,0,0,0,0,1,1,1,1,1,1,1,1,0,0,0,0
S0483,0,1,1,1,1,1,1,0,0,0,0,0,1,0,0,0,0,1,1,1,0,0,0,1,0,0,0,0,0,0,0,0,1,1,1,1,1,1,0,0,0,0,0,0
S0484,0,0,1,0,0,0,1,0,0,0,0,0,1,1,0,0,0,1,1,1,0,0,0,1,1,1,1,0,0,1,0,0,1,1,1,1,1,1,1,1,1,0,0,1
S0485,0,1,1,1,1,0,1,0,0,0,1,0,1,1,0,0,0,0,1,1,0,1,0,1,0,1,1,0,0,0,0,0,1,1,1,1,1,1,0,1,1,0,0,0
S0486,0,0,0,1,0,0,0,0,0,0,1,1,0,0,0,0,0,0,0,0,0,1,0,0,1,0,0,0,1,0,1,0,0,0,0,0,0,1,1,1,0,0,1,0
S0487,0,0,1,0,1,1,0,0,0,1,0,0,0,0,0,0,0,1,1,1,0,1,0,0,1,1,1,0,1,0,0,0,1,1,1,0,1,1,1,1,1,0,1,0
S0488,1,0,0,0,0,0,0,0,0,0,0,0,0,0,0,0,0,0,0,0,0,0,0,0,0,1,0,0,0,0,1,0,0,0,0,0,0,0,0,0,1,0,0,0
S0489,1,0,0,0,0,0,0,0,1,0,1,0,0,0,0,0,1,0,1,1,0,1,0,0,0,0,1,0,0,1,0,1,0,0,1,0,1,1,0,1,0,0,1,1
S0490,1,0,0,0,0,0,0,0,0,0,0,1,0,0,0,0,0,0,0,0,0,1,0,0,0,0,0,0,0,1,1,0,0,0,0,0,0,1,0,0,0,0,0,1
S0491,1,0,0,0,0,0,0,0,0,0,0,0,0,0,0,0,0,0,0,0,0,0,0,0,0,0,0,0,0,0,1,0,0,0,0,0,0,0,0,0,0,0,0,0
S0492,1,0,0,1,0,0,0,0,1,0,0,0,0,0,0,1,1,0,1,0,0,1,0,0,0,0,0,0,1,0,1,0,0,0,1,0,1,1,0,0,0,0,1,0
S0493,1,0,0,1,0,0,0,1,0,0,0,0,0,0,0,0,0,0,0,0,0,0,0,0,0,0,0,0,1,0,1,0,0,0,0,0,0,0,0,0,0,0,1,0
S0494,0,0,1,0,0,0,1,0,0,0,0,0,1,0,1,0,0,1,1,1,0,0,0,1,0,0,1,0,0,0,0,0,1,1,1,1,1,1,0,1,0,0,0,0
S0495,1,0,1,0,1,1,0,0,0,1,1,0,0,0,0,0,0,1,1,0,0,0,0,0,0,1,1,0,0,1,0,0,1,1,1,0,1,0,0,1,1,0,1,1
S0496,1,0,0,0,1,0,0,0,0,0,0,1,0,0,0,1,0,0,0,0,0,0,0,0,0,0,1,0,1,1,1,0,0,1,0,0,0,0,0,1,0,0,1,1
S0497,0,1,1,1,0,0,0,0,0,1,1,0,0,0,0,0,0,1,1,1,0,0,0,0,1,0,1,0,1,1,0,0,1,1,1,0,1,0,1,1,0,0,1,1
S0498,1,0,0,0,1,0,1,0,0,0,0,0,1,0,0,0,0,1,1,1,0,1,0,0,1,0,1,0,0,0,0,0,1,1,1,1,1,1,1,1,0,0,0,0
S0499,1,0,0,0,0,0,0,0,0,0,0,0,0,0,0,0,0,0,0,0,0,0,0,0,0,0,0,0,0,1,1,0,0,0,0,0,0,0,0,0,0,0,0,1
S0500,0,0,0,1,0,0,1,0,0,0,0,0,1,0,1,0,0,0,1,0,0,0,1,1,0,0,1,0,0,0,0,1,0,0,1,1,0,1,0,1,0,0,0,0
